This is XeTeX, Version 3.141592653-2.6-0.999997 (TeX Live 2025) (preloaded format=xelatex 2025.10.23)  20 SEP 2026 16:07
entering extended mode
 restricted \write18 enabled.
 %&-line parsing enabled.
**main.tex
(./main.tex
LaTeX2e <2024-11-01> patch level 2
L3 programming layer <2025-01-18>
(c:/texlive/2025/texmf-dist/tex/latex/base/report.cls
Document Class: report 2024/06/29 v1.4n Standard LaTeX document class
(c:/texlive/2025/texmf-dist/tex/latex/base/size12.clo
File: size12.clo 2024/06/29 v1.4n Standard LaTeX file (size option)
)
\c@part=\count192
\c@chapter=\count193
\c@section=\count194
\c@subsection=\count195
\c@subsubsection=\count196
\c@paragraph=\count197
\c@subparagraph=\count198
\c@figure=\count199
\c@table=\count266
\abovecaptionskip=\skip49
\belowcaptionskip=\skip50
\bibindent=\dimen141
)
(c:/texlive/2025/texmf-dist/tex/latex/ctex/ctex.sty
(c:/texlive/2025/texmf-dist/tex/latex/l3kernel/expl3.sty
Package: expl3 2025-01-18 L3 programming layer (loader) 

(c:/texlive/2025/texmf-dist/tex/latex/l3backend/l3backend-xetex.def
File: l3backend-xetex.def 2024-05-08 L3 backend support: XeTeX
\g__graphics_track_int=\count267
\l__pdf_internal_box=\box52
\g__pdf_backend_annotation_int=\count268
\g__pdf_backend_link_int=\count269
))
Package: ctex 2022/07/14 v2.5.10 Chinese adapter in LaTeX (CTEX)

(c:/texlive/2025/texmf-dist/tex/latex/ctex/ctexhook.sty
Package: ctexhook 2022/07/14 v2.5.10 Document and package hooks (CTEX)
)
(c:/texlive/2025/texmf-dist/tex/latex/ctex/ctexpatch.sty
Package: ctexpatch 2022/07/14 v2.5.10 Patching commands (CTEX)
)
(c:/texlive/2025/texmf-dist/tex/latex/base/fix-cm.sty
Package: fix-cm 2020/11/24 v1.1t fixes to LaTeX

(c:/texlive/2025/texmf-dist/tex/latex/base/ts1enc.def
File: ts1enc.def 2001/06/05 v3.0e (jk/car/fm) Standard LaTeX file
LaTeX Font Info:    Redeclaring font encoding TS1 on input line 47.
))
\l__ctex_tmp_int=\count270
\l__ctex_tmp_box=\box53
\l__ctex_tmp_dim=\dimen142
\g__ctex_section_depth_int=\count271
\g__ctex_font_size_int=\count272

(c:/texlive/2025/texmf-dist/tex/latex/ctex/config/ctexopts.cfg
File: ctexopts.cfg 2022/07/14 v2.5.10 Option configuration file (CTEX)
)
(c:/texlive/2025/texmf-dist/tex/latex/ctex/engine/ctex-engine-xetex.def
File: ctex-engine-xetex.def 2022/07/14 v2.5.10 XeLaTeX adapter (CTEX)

(c:/texlive/2025/texmf-dist/tex/xelatex/xecjk/xeCJK.sty
Package: xeCJK 2022/08/05 v3.9.1 Typesetting CJK scripts with XeLaTeX

(c:/texlive/2025/texmf-dist/tex/latex/l3packages/xtemplate/xtemplate.sty
Package: xtemplate 2024-08-16 L3 Experimental prototype document functions
)
\l__xeCJK_tmp_int=\count273
\l__xeCJK_tmp_box=\box54
\l__xeCJK_tmp_dim=\dimen143
\l__xeCJK_tmp_skip=\skip51
\g__xeCJK_space_factor_int=\count274
\l__xeCJK_begin_int=\count275
\l__xeCJK_end_int=\count276
\c__xeCJK_CJK_class_int=\XeTeXcharclass1
\c__xeCJK_FullLeft_class_int=\XeTeXcharclass2
\c__xeCJK_FullRight_class_int=\XeTeXcharclass3
\c__xeCJK_HalfLeft_class_int=\XeTeXcharclass4
\c__xeCJK_HalfRight_class_int=\XeTeXcharclass5
\c__xeCJK_NormalSpace_class_int=\XeTeXcharclass6
\c__xeCJK_CM_class_int=\XeTeXcharclass7
\c__xeCJK_HangulJamo_class_int=\XeTeXcharclass8
\l__xeCJK_last_skip=\skip52
\c__xeCJK_none_node=\count277
\g__xeCJK_node_int=\count278
\c__xeCJK_CJK_node_dim=\dimen144
\c__xeCJK_CJK-space_node_dim=\dimen145
\c__xeCJK_default_node_dim=\dimen146
\c__xeCJK_CJK-widow_node_dim=\dimen147
\c__xeCJK_normalspace_node_dim=\dimen148
\c__xeCJK_default-space_node_skip=\skip53
\l__xeCJK_ccglue_skip=\skip54
\l__xeCJK_ecglue_skip=\skip55
\l__xeCJK_punct_kern_skip=\skip56
\l__xeCJK_indent_box=\box55
\l__xeCJK_last_penalty_int=\count279
\l__xeCJK_last_bound_dim=\dimen149
\l__xeCJK_last_kern_dim=\dimen150
\l__xeCJK_widow_penalty_int=\count280

LaTeX template Info: Declaring template type 'xeCJK/punctuation' taking 0
(template)           argument(s) on line 2396.

\l__xeCJK_fixed_punct_width_dim=\dimen151
\l__xeCJK_mixed_punct_width_dim=\dimen152
\l__xeCJK_middle_punct_width_dim=\dimen153
\l__xeCJK_fixed_margin_width_dim=\dimen154
\l__xeCJK_mixed_margin_width_dim=\dimen155
\l__xeCJK_middle_margin_width_dim=\dimen156
\l__xeCJK_bound_punct_width_dim=\dimen157
\l__xeCJK_bound_margin_width_dim=\dimen158
\l__xeCJK_margin_minimum_dim=\dimen159
\l__xeCJK_kerning_total_width_dim=\dimen160
\l__xeCJK_same_align_margin_dim=\dimen161
\l__xeCJK_different_align_margin_dim=\dimen162
\l__xeCJK_kerning_margin_width_dim=\dimen163
\l__xeCJK_kerning_margin_minimum_dim=\dimen164
\l__xeCJK_bound_dim=\dimen165
\l__xeCJK_reverse_bound_dim=\dimen166
\l__xeCJK_margin_dim=\dimen167
\l__xeCJK_minimum_bound_dim=\dimen168
\l__xeCJK_kerning_margin_dim=\dimen169
\g__xeCJK_family_int=\count281
\l__xeCJK_fam_int=\count282
\g__xeCJK_fam_allocation_int=\count283
\l__xeCJK_verb_case_int=\count284
\l__xeCJK_verb_exspace_skip=\skip57

(c:/texlive/2025/texmf-dist/tex/latex/fontspec/fontspec.sty
(c:/texlive/2025/texmf-dist/tex/latex/l3packages/xparse/xparse.sty
Package: xparse 2024-08-16 L3 Experimental document command parser
)
Package: fontspec 2024/05/11 v2.9e Font selection for XeLaTeX and LuaLaTeX

(c:/texlive/2025/texmf-dist/tex/latex/fontspec/fontspec-xetex.sty
Package: fontspec-xetex 2024/05/11 v2.9e Font selection for XeLaTeX and LuaLaTe
X
\l__fontspec_script_int=\count285
\l__fontspec_language_int=\count286
\l__fontspec_strnum_int=\count287
\l__fontspec_tmp_int=\count288
\l__fontspec_tmpa_int=\count289
\l__fontspec_tmpb_int=\count290
\l__fontspec_tmpc_int=\count291
\l__fontspec_em_int=\count292
\l__fontspec_emdef_int=\count293
\l__fontspec_strong_int=\count294
\l__fontspec_strongdef_int=\count295
\l__fontspec_tmpa_dim=\dimen170
\l__fontspec_tmpb_dim=\dimen171
\l__fontspec_tmpc_dim=\dimen172

(c:/texlive/2025/texmf-dist/tex/latex/base/fontenc.sty
Package: fontenc 2021/04/29 v2.0v Standard LaTeX package
)
(c:/texlive/2025/texmf-dist/tex/latex/fontspec/fontspec.cfg)))
(c:/texlive/2025/texmf-dist/tex/xelatex/xecjk/xeCJK.cfg
File: xeCJK.cfg 2022/08/05 v3.9.1 Configuration file for xeCJK package
))
\ccwd=\dimen173
\l__ctex_ccglue_skip=\skip58
)
\l__ctex_ziju_dim=\dimen174

(c:/texlive/2025/texmf-dist/tex/latex/zhnumber/zhnumber.sty
Package: zhnumber 2022/07/14 v3.0 Typesetting numbers with Chinese glyphs
\l__zhnum_scale_int=\count296
\l__zhnum_tmp_int=\count297

(c:/texlive/2025/texmf-dist/tex/latex/zhnumber/zhnumber-utf8.cfg
File: zhnumber-utf8.cfg 2022/07/14 v3.0 Chinese numerals with UTF8 encoding
))
(c:/texlive/2025/texmf-dist/tex/latex/ctex/scheme/ctex-scheme-chinese.def
File: ctex-scheme-chinese.def 2022/07/14 v2.5.10 Chinese scheme for generic (CT
EX)

(c:/texlive/2025/texmf-dist/tex/latex/ctex/config/ctex-name-utf8.cfg
File: ctex-name-utf8.cfg 2022/07/14 v2.5.10 Caption with encoding UTF-8 (CTEX)
))
(c:/texlive/2025/texmf-dist/tex/latex/tools/indentfirst.sty
Package: indentfirst 2023/07/02 v1.03 Indent first paragraph (DPC)
)
(c:/texlive/2025/texmf-dist/tex/latex/ctex/fontset/ctex-fontset-windows.def
File: ctex-fontset-windows.def 2022/07/14 v2.5.10 Windows fonts definition (CTE
X)

Package fontspec Info: 
(fontspec)             Could not resolve font "KaiTi/B" (it probably doesn't
(fontspec)             exist).


Package fontspec Info: 
(fontspec)             Could not resolve font "SimHei/I" (it probably doesn't
(fontspec)             exist).


Package fontspec Info: 
(fontspec)             Could not resolve font "SimSun/BI" (it probably doesn't
(fontspec)             exist).


Package fontspec Info: 
(fontspec)             Font family 'SimSun(0)' created for font 'SimSun' with
(fontspec)             options
(fontspec)             [Script={CJK},BoldFont={SimHei},ItalicFont={KaiTi}].
(fontspec)              
(fontspec)              This font family consists of the following NFSS
(fontspec)             series/shapes:
(fontspec)              
(fontspec)             - 'normal' (m/n) with NFSS spec.:
(fontspec)             <->"SimSun/OT:script=hani;language=dflt;"
(fontspec)             - 'bold' (b/n) with NFSS spec.:
(fontspec)             <->"SimHei/OT:script=hani;language=dflt;"
(fontspec)             - 'italic' (m/it) with NFSS spec.:
(fontspec)             <->"KaiTi/OT:script=hani;language=dflt;"

))
(c:/texlive/2025/texmf-dist/tex/latex/ctex/config/ctex.cfg
File: ctex.cfg 2022/07/14 v2.5.10 Configuration file (CTEX)
)
(c:/texlive/2025/texmf-dist/tex/latex/pgf/frontendlayer/tikz.sty
(c:/texlive/2025/texmf-dist/tex/latex/pgf/basiclayer/pgf.sty
(c:/texlive/2025/texmf-dist/tex/latex/pgf/utilities/pgfrcs.sty
(c:/texlive/2025/texmf-dist/tex/generic/pgf/utilities/pgfutil-common.tex
\pgfutil@everybye=\toks17
\pgfutil@tempdima=\dimen175
\pgfutil@tempdimb=\dimen176
)
(c:/texlive/2025/texmf-dist/tex/generic/pgf/utilities/pgfutil-latex.def
\pgfutil@abb=\box56
)
(c:/texlive/2025/texmf-dist/tex/generic/pgf/utilities/pgfrcs.code.tex
(c:/texlive/2025/texmf-dist/tex/generic/pgf/pgf.revision.tex)
Package: pgfrcs 2023-01-15 v3.1.10 (3.1.10)
))
Package: pgf 2023-01-15 v3.1.10 (3.1.10)

(c:/texlive/2025/texmf-dist/tex/latex/pgf/basiclayer/pgfcore.sty
(c:/texlive/2025/texmf-dist/tex/latex/graphics/graphicx.sty
Package: graphicx 2021/09/16 v1.2d Enhanced LaTeX Graphics (DPC,SPQR)

(c:/texlive/2025/texmf-dist/tex/latex/graphics/keyval.sty
Package: keyval 2022/05/29 v1.15 key=value parser (DPC)
\KV@toks@=\toks18
)
(c:/texlive/2025/texmf-dist/tex/latex/graphics/graphics.sty
Package: graphics 2024/08/06 v1.4g Standard LaTeX Graphics (DPC,SPQR)

(c:/texlive/2025/texmf-dist/tex/latex/graphics/trig.sty
Package: trig 2023/12/02 v1.11 sin cos tan (DPC)
)
(c:/texlive/2025/texmf-dist/tex/latex/graphics-cfg/graphics.cfg
File: graphics.cfg 2016/06/04 v1.11 sample graphics configuration
)
Package graphics Info: Driver file: xetex.def on input line 106.

(c:/texlive/2025/texmf-dist/tex/latex/graphics-def/xetex.def
File: xetex.def 2022/09/22 v5.0n Graphics/color driver for xetex
))
\Gin@req@height=\dimen177
\Gin@req@width=\dimen178
)
(c:/texlive/2025/texmf-dist/tex/latex/pgf/systemlayer/pgfsys.sty
(c:/texlive/2025/texmf-dist/tex/generic/pgf/systemlayer/pgfsys.code.tex
Package: pgfsys 2023-01-15 v3.1.10 (3.1.10)

(c:/texlive/2025/texmf-dist/tex/generic/pgf/utilities/pgfkeys.code.tex
\pgfkeys@pathtoks=\toks19
\pgfkeys@temptoks=\toks20

(c:/texlive/2025/texmf-dist/tex/generic/pgf/utilities/pgfkeyslibraryfiltered.co
de.tex
\pgfkeys@tmptoks=\toks21
))
\pgf@x=\dimen179
\pgf@y=\dimen180
\pgf@xa=\dimen181
\pgf@ya=\dimen182
\pgf@xb=\dimen183
\pgf@yb=\dimen184
\pgf@xc=\dimen185
\pgf@yc=\dimen186
\pgf@xd=\dimen187
\pgf@yd=\dimen188
\w@pgf@writea=\write3
\r@pgf@reada=\read2
\c@pgf@counta=\count298
\c@pgf@countb=\count299
\c@pgf@countc=\count300
\c@pgf@countd=\count301
\t@pgf@toka=\toks22
\t@pgf@tokb=\toks23
\t@pgf@tokc=\toks24
\pgf@sys@id@count=\count302
 (c:/texlive/2025/texmf-dist/tex/generic/pgf/systemlayer/pgf.cfg
File: pgf.cfg 2023-01-15 v3.1.10 (3.1.10)
)
Driver file for pgf: pgfsys-xetex.def

(c:/texlive/2025/texmf-dist/tex/generic/pgf/systemlayer/pgfsys-xetex.def
File: pgfsys-xetex.def 2023-01-15 v3.1.10 (3.1.10)

(c:/texlive/2025/texmf-dist/tex/generic/pgf/systemlayer/pgfsys-dvipdfmx.def
File: pgfsys-dvipdfmx.def 2023-01-15 v3.1.10 (3.1.10)

(c:/texlive/2025/texmf-dist/tex/generic/pgf/systemlayer/pgfsys-common-pdf.def
File: pgfsys-common-pdf.def 2023-01-15 v3.1.10 (3.1.10)
)
\pgfsys@objnum=\count303
)))
(c:/texlive/2025/texmf-dist/tex/generic/pgf/systemlayer/pgfsyssoftpath.code.tex
File: pgfsyssoftpath.code.tex 2023-01-15 v3.1.10 (3.1.10)
\pgfsyssoftpath@smallbuffer@items=\count304
\pgfsyssoftpath@bigbuffer@items=\count305
)
(c:/texlive/2025/texmf-dist/tex/generic/pgf/systemlayer/pgfsysprotocol.code.tex
File: pgfsysprotocol.code.tex 2023-01-15 v3.1.10 (3.1.10)
)) (c:/texlive/2025/texmf-dist/tex/latex/xcolor/xcolor.sty
Package: xcolor 2024/09/29 v3.02 LaTeX color extensions (UK)

(c:/texlive/2025/texmf-dist/tex/latex/graphics-cfg/color.cfg
File: color.cfg 2016/01/02 v1.6 sample color configuration
)
Package xcolor Info: Driver file: xetex.def on input line 274.

(c:/texlive/2025/texmf-dist/tex/latex/graphics/mathcolor.ltx)
Package xcolor Info: Model `cmy' substituted by `cmy0' on input line 1349.
Package xcolor Info: Model `RGB' extended on input line 1365.
Package xcolor Info: Model `HTML' substituted by `rgb' on input line 1367.
Package xcolor Info: Model `Hsb' substituted by `hsb' on input line 1368.
Package xcolor Info: Model `tHsb' substituted by `hsb' on input line 1369.
Package xcolor Info: Model `HSB' substituted by `hsb' on input line 1370.
Package xcolor Info: Model `Gray' substituted by `gray' on input line 1371.
Package xcolor Info: Model `wave' substituted by `hsb' on input line 1372.
)
(c:/texlive/2025/texmf-dist/tex/generic/pgf/basiclayer/pgfcore.code.tex
Package: pgfcore 2023-01-15 v3.1.10 (3.1.10)

(c:/texlive/2025/texmf-dist/tex/generic/pgf/math/pgfmath.code.tex
(c:/texlive/2025/texmf-dist/tex/generic/pgf/math/pgfmathutil.code.tex)
(c:/texlive/2025/texmf-dist/tex/generic/pgf/math/pgfmathparser.code.tex
\pgfmath@dimen=\dimen189
\pgfmath@count=\count306
\pgfmath@box=\box57
\pgfmath@toks=\toks25
\pgfmath@stack@operand=\toks26
\pgfmath@stack@operation=\toks27
)
(c:/texlive/2025/texmf-dist/tex/generic/pgf/math/pgfmathfunctions.code.tex)
(c:/texlive/2025/texmf-dist/tex/generic/pgf/math/pgfmathfunctions.basic.code.te
x)
(c:/texlive/2025/texmf-dist/tex/generic/pgf/math/pgfmathfunctions.trigonometric
.code.tex)
(c:/texlive/2025/texmf-dist/tex/generic/pgf/math/pgfmathfunctions.random.code.t
ex)
(c:/texlive/2025/texmf-dist/tex/generic/pgf/math/pgfmathfunctions.comparison.co
de.tex)
(c:/texlive/2025/texmf-dist/tex/generic/pgf/math/pgfmathfunctions.base.code.tex
)
(c:/texlive/2025/texmf-dist/tex/generic/pgf/math/pgfmathfunctions.round.code.te
x)
(c:/texlive/2025/texmf-dist/tex/generic/pgf/math/pgfmathfunctions.misc.code.tex
)
(c:/texlive/2025/texmf-dist/tex/generic/pgf/math/pgfmathfunctions.integerarithm
etics.code.tex)
(c:/texlive/2025/texmf-dist/tex/generic/pgf/math/pgfmathcalc.code.tex)
(c:/texlive/2025/texmf-dist/tex/generic/pgf/math/pgfmathfloat.code.tex
\c@pgfmathroundto@lastzeros=\count307
))
(c:/texlive/2025/texmf-dist/tex/generic/pgf/math/pgfint.code.tex)
(c:/texlive/2025/texmf-dist/tex/generic/pgf/basiclayer/pgfcorepoints.code.tex
File: pgfcorepoints.code.tex 2023-01-15 v3.1.10 (3.1.10)
\pgf@picminx=\dimen190
\pgf@picmaxx=\dimen191
\pgf@picminy=\dimen192
\pgf@picmaxy=\dimen193
\pgf@pathminx=\dimen194
\pgf@pathmaxx=\dimen195
\pgf@pathminy=\dimen196
\pgf@pathmaxy=\dimen197
\pgf@xx=\dimen198
\pgf@xy=\dimen199
\pgf@yx=\dimen256
\pgf@yy=\dimen257
\pgf@zx=\dimen258
\pgf@zy=\dimen259
)
(c:/texlive/2025/texmf-dist/tex/generic/pgf/basiclayer/pgfcorepathconstruct.cod
e.tex
File: pgfcorepathconstruct.code.tex 2023-01-15 v3.1.10 (3.1.10)
\pgf@path@lastx=\dimen260
\pgf@path@lasty=\dimen261
)
(c:/texlive/2025/texmf-dist/tex/generic/pgf/basiclayer/pgfcorepathusage.code.te
x
File: pgfcorepathusage.code.tex 2023-01-15 v3.1.10 (3.1.10)
\pgf@shorten@end@additional=\dimen262
\pgf@shorten@start@additional=\dimen263
)
(c:/texlive/2025/texmf-dist/tex/generic/pgf/basiclayer/pgfcorescopes.code.tex
File: pgfcorescopes.code.tex 2023-01-15 v3.1.10 (3.1.10)
\pgfpic=\box58
\pgf@hbox=\box59
\pgf@layerbox@main=\box60
\pgf@picture@serial@count=\count308
)
(c:/texlive/2025/texmf-dist/tex/generic/pgf/basiclayer/pgfcoregraphicstate.code
.tex
File: pgfcoregraphicstate.code.tex 2023-01-15 v3.1.10 (3.1.10)
\pgflinewidth=\dimen264
)
(c:/texlive/2025/texmf-dist/tex/generic/pgf/basiclayer/pgfcoretransformations.c
ode.tex
File: pgfcoretransformations.code.tex 2023-01-15 v3.1.10 (3.1.10)
\pgf@pt@x=\dimen265
\pgf@pt@y=\dimen266
\pgf@pt@temp=\dimen267
)
(c:/texlive/2025/texmf-dist/tex/generic/pgf/basiclayer/pgfcorequick.code.tex
File: pgfcorequick.code.tex 2023-01-15 v3.1.10 (3.1.10)
)
(c:/texlive/2025/texmf-dist/tex/generic/pgf/basiclayer/pgfcoreobjects.code.tex
File: pgfcoreobjects.code.tex 2023-01-15 v3.1.10 (3.1.10)
)
(c:/texlive/2025/texmf-dist/tex/generic/pgf/basiclayer/pgfcorepathprocessing.co
de.tex
File: pgfcorepathprocessing.code.tex 2023-01-15 v3.1.10 (3.1.10)
)
(c:/texlive/2025/texmf-dist/tex/generic/pgf/basiclayer/pgfcorearrows.code.tex
File: pgfcorearrows.code.tex 2023-01-15 v3.1.10 (3.1.10)
\pgfarrowsep=\dimen268
)
(c:/texlive/2025/texmf-dist/tex/generic/pgf/basiclayer/pgfcoreshade.code.tex
File: pgfcoreshade.code.tex 2023-01-15 v3.1.10 (3.1.10)
\pgf@max=\dimen269
\pgf@sys@shading@range@num=\count309
\pgf@shadingcount=\count310
)
(c:/texlive/2025/texmf-dist/tex/generic/pgf/basiclayer/pgfcoreimage.code.tex
File: pgfcoreimage.code.tex 2023-01-15 v3.1.10 (3.1.10)
)
(c:/texlive/2025/texmf-dist/tex/generic/pgf/basiclayer/pgfcoreexternal.code.tex
File: pgfcoreexternal.code.tex 2023-01-15 v3.1.10 (3.1.10)
\pgfexternal@startupbox=\box61
) (c:/texlive/2025/texmf-dist/tex/generic/pgf/basiclayer/pgfcorelayers.code.tex
File: pgfcorelayers.code.tex 2023-01-15 v3.1.10 (3.1.10)
)
(c:/texlive/2025/texmf-dist/tex/generic/pgf/basiclayer/pgfcoretransparency.code
.tex
File: pgfcoretransparency.code.tex 2023-01-15 v3.1.10 (3.1.10)
)
(c:/texlive/2025/texmf-dist/tex/generic/pgf/basiclayer/pgfcorepatterns.code.tex
File: pgfcorepatterns.code.tex 2023-01-15 v3.1.10 (3.1.10)
) (c:/texlive/2025/texmf-dist/tex/generic/pgf/basiclayer/pgfcorerdf.code.tex
File: pgfcorerdf.code.tex 2023-01-15 v3.1.10 (3.1.10)
))) (c:/texlive/2025/texmf-dist/tex/generic/pgf/modules/pgfmoduleshapes.code.te
x
File: pgfmoduleshapes.code.tex 2023-01-15 v3.1.10 (3.1.10)
\pgfnodeparttextbox=\box62
)
(c:/texlive/2025/texmf-dist/tex/generic/pgf/modules/pgfmoduleplot.code.tex
File: pgfmoduleplot.code.tex 2023-01-15 v3.1.10 (3.1.10)
)
(c:/texlive/2025/texmf-dist/tex/latex/pgf/compatibility/pgfcomp-version-0-65.st
y
Package: pgfcomp-version-0-65 2023-01-15 v3.1.10 (3.1.10)
\pgf@nodesepstart=\dimen270
\pgf@nodesepend=\dimen271
)
(c:/texlive/2025/texmf-dist/tex/latex/pgf/compatibility/pgfcomp-version-1-18.st
y
Package: pgfcomp-version-1-18 2023-01-15 v3.1.10 (3.1.10)
)) (c:/texlive/2025/texmf-dist/tex/latex/pgf/utilities/pgffor.sty
(c:/texlive/2025/texmf-dist/tex/latex/pgf/utilities/pgfkeys.sty
(c:/texlive/2025/texmf-dist/tex/generic/pgf/utilities/pgfkeys.code.tex))
(c:/texlive/2025/texmf-dist/tex/latex/pgf/math/pgfmath.sty
(c:/texlive/2025/texmf-dist/tex/generic/pgf/math/pgfmath.code.tex))
(c:/texlive/2025/texmf-dist/tex/generic/pgf/utilities/pgffor.code.tex
Package: pgffor 2023-01-15 v3.1.10 (3.1.10)
\pgffor@iter=\dimen272
\pgffor@skip=\dimen273
\pgffor@stack=\toks28
\pgffor@toks=\toks29
))
(c:/texlive/2025/texmf-dist/tex/generic/pgf/frontendlayer/tikz/tikz.code.tex
Package: tikz 2023-01-15 v3.1.10 (3.1.10)

(c:/texlive/2025/texmf-dist/tex/generic/pgf/libraries/pgflibraryplothandlers.co
de.tex
File: pgflibraryplothandlers.code.tex 2023-01-15 v3.1.10 (3.1.10)
\pgf@plot@mark@count=\count311
\pgfplotmarksize=\dimen274
)
\tikz@lastx=\dimen275
\tikz@lasty=\dimen276
\tikz@lastxsaved=\dimen277
\tikz@lastysaved=\dimen278
\tikz@lastmovetox=\dimen279
\tikz@lastmovetoy=\dimen280
\tikzleveldistance=\dimen281
\tikzsiblingdistance=\dimen282
\tikz@figbox=\box63
\tikz@figbox@bg=\box64
\tikz@tempbox=\box65
\tikz@tempbox@bg=\box66
\tikztreelevel=\count312
\tikznumberofchildren=\count313
\tikznumberofcurrentchild=\count314
\tikz@fig@count=\count315

(c:/texlive/2025/texmf-dist/tex/generic/pgf/modules/pgfmodulematrix.code.tex
File: pgfmodulematrix.code.tex 2023-01-15 v3.1.10 (3.1.10)
\pgfmatrixcurrentrow=\count316
\pgfmatrixcurrentcolumn=\count317
\pgf@matrix@numberofcolumns=\count318
)
\tikz@expandcount=\count319

(c:/texlive/2025/texmf-dist/tex/generic/pgf/frontendlayer/tikz/libraries/tikzli
brarytopaths.code.tex
File: tikzlibrarytopaths.code.tex 2023-01-15 v3.1.10 (3.1.10)
)))
(c:/texlive/2025/texmf-dist/tex/latex/background/background.sty
Package: background 2014/03/04 v2.1 background material

(c:/texlive/2025/texmf-dist/tex/latex/xkeyval/xkeyval.sty
Package: xkeyval 2022/06/16 v2.9 package option processing (HA)

(c:/texlive/2025/texmf-dist/tex/generic/xkeyval/xkeyval.tex
(c:/texlive/2025/texmf-dist/tex/generic/xkeyval/xkvutils.tex
\XKV@toks=\toks30
\XKV@tempa@toks=\toks31
)
\XKV@depth=\count320
File: xkeyval.tex 2014/12/03 v2.7a key=value parser (HA)
))
(c:/texlive/2025/texmf-dist/tex/latex/everypage/everypage.sty
Package: everypage 2020/10/17 R2.0b Hooks to run on every page


Package everypage Warning: Functionality similar to this package has recently
(everypage)                been implemented in LaTeX. This package is now in
(everypage)                legacy status.
(everypage)                Please, don't use it in new documents and packages.


Package everypage Warning: You appear to be running a version of LaTeX
(everypage)                providing the new functionality.
(everypage)                Doing the best to deliver the original `everypage`
(everypage)                interface on top of it. Strict equivalence is
(everypage)                not possible, breakage may occur.
(everypage)                If truly needed, Use `everypage-1x` to force the
(everypage)                loading of an older code base.

) (c:/texlive/2025/texmf-dist/tex/latex/tools/afterpage.sty
Package: afterpage 2023/07/04 v1.08 After-Page Package (DPC)
\AP@output=\toks32
\AP@partial=\box67
\AP@footins=\box68
))
(c:/texlive/2025/texmf-dist/tex/latex/draftwatermark/draftwatermark.sty
Package: draftwatermark 2024/03/04 3.3 Put a gray textual watermark on document
 pages

(c:/texlive/2025/texmf-dist/tex/latex/kvoptions/kvoptions.sty
Package: kvoptions 2022-06-15 v3.15 Key value format for package options (HO)

(c:/texlive/2025/texmf-dist/tex/generic/ltxcmds/ltxcmds.sty
Package: ltxcmds 2023-12-04 v1.26 LaTeX kernel commands for general use (HO)
)
(c:/texlive/2025/texmf-dist/tex/latex/kvsetkeys/kvsetkeys.sty
Package: kvsetkeys 2022-10-05 v1.19 Key value parser (HO)
)))
(c:/texlive/2025/texmf-dist/tex/generic/babel/babel.sty
Package: babel 2025/02/14 v25.4 The multilingual framework for pdfLaTeX, LuaLaT
eX and XeLaTeX
\babel@savecnt=\count321
\U@D=\dimen283
\l@unhyphenated=\language90

(c:/texlive/2025/texmf-dist/tex/generic/babel/xebabel.def)
\bbl@readstream=\read3
\bbl@dirlevel=\count322

(c:/texlive/2025/texmf-dist/tex/generic/babel-english/english.ldf
Language: english 2017/06/06 v3.3r English support from the babel system
Package babel Info: Hyphen rules for 'canadian' set to \l@english
(babel)             (\language0). Reported on input line 102.
Package babel Info: Hyphen rules for 'australian' set to \l@ukenglish
(babel)             (\language22). Reported on input line 105.
Package babel Info: Hyphen rules for 'newzealand' set to \l@ukenglish
(babel)             (\language22). Reported on input line 108.
))
(c:/texlive/2025/texmf-dist/tex/generic/babel/locale/en/babel-english.tex
Package babel Info: Importing font and identification data for english
(babel)             from babel-en.ini. Reported on input line 11.
)

Package fontspec Info: 
(fontspec)             Font family 'TimesNewRoman(0)' created for font 'Times
(fontspec)             New Roman' with options [Ligatures=TeX].
(fontspec)              
(fontspec)              This font family consists of the following NFSS
(fontspec)             series/shapes:
(fontspec)              
(fontspec)             - 'normal' (m/n) with NFSS spec.: <->"Times New
(fontspec)             Roman/OT:script=latn;language=dflt;mapping=tex-text;"
(fontspec)             - 'small caps'  (m/sc) with NFSS spec.: <->"Times New
(fontspec)             Roman/OT:script=latn;language=dflt;+smcp;mapping=tex-tex
t;"
(fontspec)             - 'bold' (b/n) with NFSS spec.: <->"Times New
(fontspec)             Roman/B/OT:script=latn;language=dflt;mapping=tex-text;"
(fontspec)             - 'bold small caps'  (b/sc) with NFSS spec.: <->"Times
(fontspec)             New
(fontspec)             Roman/B/OT:script=latn;language=dflt;+smcp;mapping=tex-t
ext;"
(fontspec)             - 'italic' (m/it) with NFSS spec.: <->"Times New
(fontspec)             Roman/I/OT:script=latn;language=dflt;mapping=tex-text;"
(fontspec)             - 'italic small caps'  (m/scit) with NFSS spec.:
(fontspec)             <->"Times New
(fontspec)             Roman/I/OT:script=latn;language=dflt;+smcp;mapping=tex-t
ext;"
(fontspec)             - 'bold italic' (b/it) with NFSS spec.: <->"Times New
(fontspec)             Roman/BI/OT:script=latn;language=dflt;mapping=tex-text;"

(fontspec)             - 'bold italic small caps'  (b/scit) with NFSS spec.:
(fontspec)             <->"Times New
(fontspec)             Roman/BI/OT:script=latn;language=dflt;+smcp;mapping=tex-
text;"


(c:/texlive/2025/texmf-dist/tex/latex/amsmath/amsmath.sty
Package: amsmath 2024/11/05 v2.17t AMS math features
\@mathmargin=\skip59

For additional information on amsmath, use the `?' option.
(c:/texlive/2025/texmf-dist/tex/latex/amsmath/amstext.sty
Package: amstext 2021/08/26 v2.01 AMS text

(c:/texlive/2025/texmf-dist/tex/latex/amsmath/amsgen.sty
File: amsgen.sty 1999/11/30 v2.0 generic functions
\@emptytoks=\toks33
\ex@=\dimen284
))
(c:/texlive/2025/texmf-dist/tex/latex/amsmath/amsbsy.sty
Package: amsbsy 1999/11/29 v1.2d Bold Symbols
\pmbraise@=\dimen285
)
(c:/texlive/2025/texmf-dist/tex/latex/amsmath/amsopn.sty
Package: amsopn 2022/04/08 v2.04 operator names
)
\inf@bad=\count323
LaTeX Info: Redefining \frac on input line 233.
\uproot@=\count324
\leftroot@=\count325
LaTeX Info: Redefining \overline on input line 398.
LaTeX Info: Redefining \colon on input line 409.
\classnum@=\count326
\DOTSCASE@=\count327
LaTeX Info: Redefining \ldots on input line 495.
LaTeX Info: Redefining \dots on input line 498.
LaTeX Info: Redefining \cdots on input line 619.
\Mathstrutbox@=\box69
\strutbox@=\box70
LaTeX Info: Redefining \big on input line 721.
LaTeX Info: Redefining \Big on input line 722.
LaTeX Info: Redefining \bigg on input line 723.
LaTeX Info: Redefining \Bigg on input line 724.
\big@size=\dimen286
LaTeX Font Info:    Redeclaring font encoding OML on input line 742.
LaTeX Font Info:    Redeclaring font encoding OMS on input line 743.
\macc@depth=\count328
LaTeX Info: Redefining \bmod on input line 904.
LaTeX Info: Redefining \pmod on input line 909.
LaTeX Info: Redefining \smash on input line 939.
LaTeX Info: Redefining \relbar on input line 969.
LaTeX Info: Redefining \Relbar on input line 970.
\c@MaxMatrixCols=\count329
\dotsspace@=\muskip17
\c@parentequation=\count330
\dspbrk@lvl=\count331
\tag@help=\toks34
\row@=\count332
\column@=\count333
\maxfields@=\count334
\andhelp@=\toks35
\eqnshift@=\dimen287
\alignsep@=\dimen288
\tagshift@=\dimen289
\tagwidth@=\dimen290
\totwidth@=\dimen291
\lineht@=\dimen292
\@envbody=\toks36
\multlinegap=\skip60
\multlinetaggap=\skip61
\mathdisplay@stack=\toks37
LaTeX Info: Redefining \[ on input line 2953.
LaTeX Info: Redefining \] on input line 2954.
)
(c:/texlive/2025/texmf-dist/tex/latex/mathtools/mathtools.sty
Package: mathtools 2024/10/04 v1.31 mathematical typesetting tools

(c:/texlive/2025/texmf-dist/tex/latex/tools/calc.sty
Package: calc 2023/07/08 v4.3 Infix arithmetic (KKT,FJ)
\calc@Acount=\count335
\calc@Bcount=\count336
\calc@Adimen=\dimen293
\calc@Bdimen=\dimen294
\calc@Askip=\skip62
\calc@Bskip=\skip63
LaTeX Info: Redefining \setlength on input line 80.
LaTeX Info: Redefining \addtolength on input line 81.
\calc@Ccount=\count337
\calc@Cskip=\skip64
)
(c:/texlive/2025/texmf-dist/tex/latex/mathtools/mhsetup.sty
Package: mhsetup 2021/03/18 v1.4 programming setup (MH)
)
\g_MT_multlinerow_int=\count338
\l_MT_multwidth_dim=\dimen295
\origjot=\skip65
\l_MT_shortvdotswithinadjustabove_dim=\dimen296
\l_MT_shortvdotswithinadjustbelow_dim=\dimen297
\l_MT_above_intertext_sep=\dimen298
\l_MT_below_intertext_sep=\dimen299
\l_MT_above_shortintertext_sep=\dimen300
\l_MT_below_shortintertext_sep=\dimen301
\xmathstrut@box=\box71
\xmathstrut@dim=\dimen302
)
(c:/texlive/2025/texmf-dist/tex/latex/amsfonts/amsfonts.sty
Package: amsfonts 2013/01/14 v3.01 Basic AMSFonts support
\symAMSa=\mathgroup4
\symAMSb=\mathgroup5
LaTeX Font Info:    Redeclaring math symbol \hbar on input line 98.
LaTeX Font Info:    Overwriting math alphabet `\mathfrak' in version `bold'
(Font)                  U/euf/m/n --> U/euf/b/n on input line 106.
)
(c:/texlive/2025/texmf-dist/tex/latex/amsfonts/amssymb.sty
Package: amssymb 2013/01/14 v3.01 AMS font symbols
)
(c:/texlive/2025/texmf-dist/tex/latex/newtx/newtxmath.sty
Package: newtxmath 2024/09/22 v1.754

`newtxmath' v1.754, 2024/09/22 Math macros based originally on txfonts (msharpe
) (c:/texlive/2025/texmf-dist/tex/latex/base/ifthen.sty
Package: ifthen 2024/03/16 v1.1e Standard LaTeX ifthen package (DPC)
)
(c:/texlive/2025/texmf-dist/tex/latex/etoolbox/etoolbox.sty
Package: etoolbox 2025/02/11 v2.5l e-TeX tools for LaTeX (JAW)
\etb@tempcnta=\count339
)
(c:/texlive/2025/texmf-dist/tex/generic/iftex/iftex.sty
Package: iftex 2024/12/12 v1.0g TeX engine tests
)
(c:/texlive/2025/texmf-dist/tex/latex/oberdiek/centernot.sty
Package: centernot 2016/05/16 v1.4 Centers the not symbol horizontally (HO)
)
\tx@cntz=\count340

(c:/texlive/2025/texmf-dist/tex/generic/kastrup/binhex.tex)
\tx@Isdigit=\count341
\tx@IsAlNum=\count342
\tx@tA=\toks38
\tx@tB=\toks39
\tx@su=\read4

amsthm NOT loaded
LaTeX Font Info:    Redeclaring symbol font `operators' on input line 402.
LaTeX Font Info:    Overwriting symbol font `operators' in version `normal'
(Font)                  OT1/cmr/m/n --> OT1/TimesNewRoman(0)/m/n on input line 
402.
LaTeX Font Info:    Overwriting symbol font `operators' in version `bold'
(Font)                  OT1/cmr/bx/n --> OT1/TimesNewRoman(0)/m/n on input line
 402.
LaTeX Font Info:    Overwriting symbol font `operators' in version `bold'
(Font)                  OT1/TimesNewRoman(0)/m/n --> OT1/TimesNewRoman(0)/b/n o
n input line 403.
LaTeX Font Info:    Redeclaring math alphabet \mathsf on input line 410.
LaTeX Font Info:    Overwriting math alphabet `\mathsf' in version `normal'
(Font)                  OT1/cmss/m/n --> OT1/lmss/m/n on input line 410.
LaTeX Font Info:    Overwriting math alphabet `\mathsf' in version `bold'
(Font)                  OT1/cmss/bx/n --> OT1/lmss/m/n on input line 410.
LaTeX Font Info:    Overwriting math alphabet `\mathsf' in version `bold'
(Font)                  OT1/lmss/m/n --> OT1/lmss/b/n on input line 412.
LaTeX Font Info:    Redeclaring math alphabet \mathit on input line 419.
LaTeX Font Info:    Overwriting math alphabet `\mathit' in version `normal'
(Font)                  OT1/cmr/m/it --> OT1/TimesNewRoman(0)/m/it on input lin
e 419.
LaTeX Font Info:    Overwriting math alphabet `\mathit' in version `bold'
(Font)                  OT1/cmr/bx/it --> OT1/TimesNewRoman(0)/m/it on input li
ne 419.
LaTeX Font Info:    Redeclaring math alphabet \mathtt on input line 420.
LaTeX Font Info:    Overwriting math alphabet `\mathtt' in version `normal'
(Font)                  OT1/cmtt/m/n --> TU/lmtt/m/n on input line 420.
LaTeX Font Info:    Overwriting math alphabet `\mathtt' in version `bold'
(Font)                  OT1/cmtt/m/n --> TU/lmtt/m/n on input line 420.
LaTeX Font Info:    Redeclaring math alphabet \mathbf on input line 422.
LaTeX Font Info:    Overwriting math alphabet `\mathbf' in version `normal'
(Font)                  OT1/cmr/bx/n --> OT1/TimesNewRoman(0)/b/n on input line
 422.
LaTeX Font Info:    Overwriting math alphabet `\mathbf' in version `bold'
(Font)                  OT1/cmr/bx/n --> OT1/TimesNewRoman(0)/b/n on input line
 422.
LaTeX Font Info:    Overwriting math alphabet `\mathit' in version `bold'
(Font)                  OT1/TimesNewRoman(0)/m/it --> OT1/TimesNewRoman(0)/b/it
 on input line 423.
LaTeX Font Info:    Overwriting math alphabet `\mathtt' in version `bold'
(Font)                  TU/lmtt/m/n --> TU/lmtt/b/n on input line 426.
LaTeX Font Info:    Redeclaring symbol font `letters' on input line 534.
LaTeX Font Info:    Overwriting symbol font `letters' in version `normal'
(Font)                  OML/cmm/m/it --> OML/ntxmi/m/it on input line 534.
LaTeX Font Info:    Overwriting symbol font `letters' in version `bold'
(Font)                  OML/cmm/b/it --> OML/ntxmi/m/it on input line 534.
LaTeX Font Info:    Overwriting symbol font `letters' in version `bold'
(Font)                  OML/ntxmi/m/it --> OML/ntxmi/b/it on input line 535.
\symlettersA=\mathgroup6
LaTeX Font Info:    Overwriting symbol font `lettersA' in version `bold'
(Font)                  U/ntxmia/m/it --> U/ntxmia/b/it on input line 582.
LaTeX Font Info:    Redeclaring math alphabet \mathfrak on input line 584.
LaTeX Font Info:    Redeclaring symbol font `symbols' on input line 604.
LaTeX Font Info:    Encoding `OMS' has changed to `LMS' for symbol font
(Font)              `symbols' in the math version `normal' on input line 604.
LaTeX Font Info:    Overwriting symbol font `symbols' in version `normal'
(Font)                  OMS/cmsy/m/n --> LMS/ntxsy/m/n on input line 604.
LaTeX Font Info:    Encoding `OMS' has changed to `LMS' for symbol font
(Font)              `symbols' in the math version `bold' on input line 604.
LaTeX Font Info:    Overwriting symbol font `symbols' in version `bold'
(Font)                  OMS/cmsy/b/n --> LMS/ntxsy/m/n on input line 604.
LaTeX Font Info:    Overwriting symbol font `symbols' in version `bold'
(Font)                  LMS/ntxsy/m/n --> LMS/ntxsy/b/n on input line 605.
\symAMSm=\mathgroup7
LaTeX Font Info:    Overwriting symbol font `AMSm' in version `bold'
(Font)                  U/ntxsym/m/n --> U/ntxsym/b/n on input line 630.
\symsymbolsC=\mathgroup8
LaTeX Font Info:    Overwriting symbol font `symbolsC' in version `bold'
(Font)                  U/ntxsyc/m/n --> U/ntxsyc/b/n on input line 651.
LaTeX Font Info:    Redeclaring symbol font `largesymbols' on input line 664.
LaTeX Font Info:    Encoding `OMX' has changed to `LMX' for symbol font
(Font)              `largesymbols' in the math version `normal' on input line 6
64.
LaTeX Font Info:    Overwriting symbol font `largesymbols' in version `normal'
(Font)                  OMX/cmex/m/n --> LMX/ntxexx/m/n on input line 664.
LaTeX Font Info:    Encoding `OMX' has changed to `LMX' for symbol font
(Font)              `largesymbols' in the math version `bold' on input line 664
.
LaTeX Font Info:    Overwriting symbol font `largesymbols' in version `bold'
(Font)                  OMX/cmex/m/n --> LMX/ntxexx/m/n on input line 664.
LaTeX Font Info:    Overwriting symbol font `largesymbols' in version `bold'
(Font)                  LMX/ntxexx/m/n --> LMX/ntxexx/b/n on input line 665.
\symlargesymbolsTXA=\mathgroup9
LaTeX Font Info:    Overwriting symbol font `largesymbolsTXA' in version `bold'

(Font)                  U/ntxexa/m/n --> U/ntxexa/b/n on input line 679.
\tx@sbptoks=\toks40
LaTeX Font Info:    Redeclaring math delimiter \lfloor on input line 902.
LaTeX Font Info:    Redeclaring math delimiter \rfloor on input line 903.
LaTeX Font Info:    Redeclaring math delimiter \lceil on input line 904.
LaTeX Font Info:    Redeclaring math delimiter \rceil on input line 905.
LaTeX Font Info:    Redeclaring math delimiter \lbrace on input line 910.
LaTeX Font Info:    Redeclaring math delimiter \rbrace on input line 911.
LaTeX Font Info:    Redeclaring math delimiter \langle on input line 913.
LaTeX Font Info:    Redeclaring math delimiter \rangle on input line 915.
LaTeX Font Info:    Redeclaring math delimiter \arrowvert on input line 919.
LaTeX Font Info:    Redeclaring math delimiter \vert on input line 920.
LaTeX Font Info:    Redeclaring math accent \dot on input line 991.
LaTeX Font Info:    Redeclaring math accent \ddot on input line 992.
LaTeX Font Info:    Redeclaring math accent \vec on input line 2057.
LaTeX Info: Redefining \Bbbk on input line 2847.
LaTeX Info: Redefining \not on input line 2995.
) (c:/texlive/2025/texmf-dist/tex/latex/jknapltx/mathrsfs.sty
Package: mathrsfs 1996/01/01 Math RSFS package v1.0 (jk)
\symrsfs=\mathgroup10
)
(c:/texlive/2025/texmf-dist/tex/latex/relsize/relsize.sty
Package: relsize 2013/03/29 ver 4.1
)
(c:/texlive/2025/texmf-dist/tex/latex/extarrows/extarrows.sty
Package: extarrows 2020/03/12 v1.2.0 Some extensible arrows
)
(c:/texlive/2025/texmf-dist/tex/latex/setspace/setspace.sty
Package: setspace 2022/12/04 v6.7b set line spacing
)
(c:/texlive/2025/texmf-dist/tex/latex/colortbl/colortbl.sty
Package: colortbl 2024/07/06 v1.0i Color table columns (DPC)

(c:/texlive/2025/texmf-dist/tex/latex/tools/array.sty
Package: array 2024/10/17 v2.6g Tabular extension package (FMi)
\col@sep=\dimen303
\ar@mcellbox=\box72
\extrarowheight=\dimen304
\NC@list=\toks41
\extratabsurround=\skip66
\backup@length=\skip67
\ar@cellbox=\box73
)
\everycr=\toks42
\minrowclearance=\skip68
\rownum=\count343
)

LaTeX Warning: Package "xcolor" has already been loaded: ignoring load-time
(LaTeX)        option "xcdraw".

(c:/texlive/2025/texmf-dist/tex/latex/graphics/dvipsnam.def
File: dvipsnam.def 2016/06/17 v3.0m Driver-dependent file (DPC,SPQR)
)
(c:/texlive/2025/texmf-dist/tex/latex/xcolor/svgnam.def
File: svgnam.def 2024/09/29 v3.02 Predefined colors according to SVG 1.1 (UK)
)
(c:/texlive/2025/texmf-dist/tex/latex/xcolor/x11nam.def
File: x11nam.def 2024/09/29 v3.02 Predefined colors according to Unix/X11 (UK)
)
(c:/texlive/2025/texmf-dist/tex/latex/tcolorbox/tcolorbox.sty
Package: tcolorbox 2024/10/22 version 6.4.1 text color boxes

(c:/texlive/2025/texmf-dist/tex/latex/tools/verbatim.sty
Package: verbatim 2024-01-22 v1.5x LaTeX2e package for verbatim enhancements
\every@verbatim=\toks43
\verbatim@line=\toks44
\verbatim@in@stream=\read5
)
(c:/texlive/2025/texmf-dist/tex/latex/environ/environ.sty
Package: environ 2014/05/04 v0.3 A new way to define environments

(c:/texlive/2025/texmf-dist/tex/latex/trimspaces/trimspaces.sty
Package: trimspaces 2009/09/17 v1.1 Trim spaces around a token list
))
\tcb@titlebox=\box74
\tcb@upperbox=\box75
\tcb@lowerbox=\box76
\tcb@phantombox=\box77
\c@tcbbreakpart=\count344
\c@tcblayer=\count345
\c@tcolorbox@number=\count346
\l__tcobox_tmpa_box=\box78
\l__tcobox_tmpa_dim=\dimen305
\tcb@temp=\box79
\tcb@temp=\box80
\tcb@temp=\box81
\tcb@temp=\box82

(c:/texlive/2025/texmf-dist/tex/latex/tcolorbox/tcbskins.code.tex
Library (tcolorbox): 'tcbskins.code.tex' version '6.4.1'
(c:/texlive/2025/texmf-dist/tex/latex/tikzfill/tikzfill.image.sty
Package: tikzfill.image 2023/08/08 v1.0.1 Image filling library for TikZ

(c:/texlive/2025/texmf-dist/tex/latex/tikzfill/tikzfill-common.sty
Package: tikzfill-common 2023/08/08 v1.0.1 Auxiliary code for tikzfill
)
(c:/texlive/2025/texmf-dist/tex/latex/tikzfill/tikzlibraryfill.image.code.tex
File: tikzlibraryfill.image.code.tex 2023/08/08 v1.0.1 Image filling library
\l__tikzfill_img_box=\box83
)) (c:/texlive/2025/texmf-dist/tex/latex/tcolorbox/tcbskinsjigsaw.code.tex
Library (tcolorbox): 'tcbskinsjigsaw.code.tex' version '6.4.1'
)) (c:/texlive/2025/texmf-dist/tex/latex/tcolorbox/tcbbreakable.code.tex
Library (tcolorbox): 'tcbbreakable.code.tex' version '6.4.1'
(c:/texlive/2025/texmf-dist/tex/latex/pdfcol/pdfcol.sty
Package: pdfcol 2022-09-21 v1.7 Handle new color stacks for pdfTeX (HO)

(c:/texlive/2025/texmf-dist/tex/generic/infwarerr/infwarerr.sty
Package: infwarerr 2019/12/03 v1.5 Providing info/warning/error messages (HO)
)
Package pdfcol Info: Interface disabled because of missing PDF mode of pdfTeX.
)
Package pdfcol Info: pdfTeX's color stacks are not available.
\tcb@testbox=\box84
\tcb@totalupperbox=\box85
\tcb@totallowerbox=\box86
))
(c:/texlive/2025/texmf-dist/tex/latex/tcolorbox/tcblistings.code.tex
Library (tcolorbox): 'tcblistings.code.tex' version '6.4.1'
(c:/texlive/2025/texmf-dist/tex/latex/listings/listings.sty
\lst@mode=\count347
\lst@gtempboxa=\box87
\lst@token=\toks45
\lst@length=\count348
\lst@currlwidth=\dimen306
\lst@column=\count349
\lst@pos=\count350
\lst@lostspace=\dimen307
\lst@width=\dimen308
\lst@newlines=\count351
\lst@lineno=\count352
\lst@maxwidth=\dimen309

(c:/texlive/2025/texmf-dist/tex/latex/listings/lstpatch.sty
File: lstpatch.sty 2024/09/23 1.10c (Carsten Heinz)
)
(c:/texlive/2025/texmf-dist/tex/latex/listings/lstmisc.sty
File: lstmisc.sty 2024/09/23 1.10c (Carsten Heinz)
\c@lstnumber=\count353
\lst@skipnumbers=\count354
\lst@framebox=\box88
)
(c:/texlive/2025/texmf-dist/tex/latex/listings/listings.cfg
File: listings.cfg 2024/09/23 1.10c listings configuration
))
Package: listings 2024/09/23 1.10c (Carsten Heinz)

(c:/texlive/2025/texmf-dist/tex/xelatex/xecjk/xeCJK-listings.sty
Package: xeCJK-listings 2022/08/05 v3.9.1 xeCJK patch file for listings
\l__xeCJK_listings_max_char_int=\count355
\l__xeCJK_listings_flag_int=\count356
)
(c:/texlive/2025/texmf-dist/tex/latex/tcolorbox/tcblistingscore.code.tex
Library (tcolorbox): 'tcblistingscore.code.tex' version '6.4.1'
(c:/texlive/2025/texmf-dist/tex/latex/tcolorbox/tcbprocessing.code.tex
Library (tcolorbox): 'tcbprocessing.code.tex' version '6.4.1'
)
\c@tcblisting=\count357
)) (c:/texlive/2025/texmf-dist/tex/latex/listings/lstlang1.sty
File: lstlang1.sty 2024/09/23 1.10c listings language file
)
(c:/texlive/2025/texmf-dist/tex/latex/listings/lstlang2.sty
File: lstlang2.sty 2024/09/23 1.10c listings language file
)
(c:/texlive/2025/texmf-dist/tex/latex/listings/lstlang3.sty
File: lstlang3.sty 2024/09/23 1.10c listings language file
)
(c:/texlive/2025/texmf-dist/tex/latex/listings/lstlang1.sty
File: lstlang1.sty 2024/09/23 1.10c listings language file
)
(c:/texlive/2025/texmf-dist/tex/latex/listings/lstlang2.sty
File: lstlang2.sty 2024/09/23 1.10c listings language file
)
(c:/texlive/2025/texmf-dist/tex/latex/listings/lstlang3.sty
File: lstlang3.sty 2024/09/23 1.10c listings language file
)
(c:/texlive/2025/texmf-dist/tex/latex/listings/lstlang1.sty
File: lstlang1.sty 2024/09/23 1.10c listings language file
)
(c:/texlive/2025/texmf-dist/tex/latex/listings/lstlang2.sty
File: lstlang2.sty 2024/09/23 1.10c listings language file
)
(c:/texlive/2025/texmf-dist/tex/latex/listings/lstlang3.sty
File: lstlang3.sty 2024/09/23 1.10c listings language file
)
(c:/texlive/2025/texmf-dist/tex/latex/listings/lstmisc.sty
File: lstmisc.sty 2024/09/23 1.10c (Carsten Heinz)
)
(c:/texlive/2025/texmf-dist/tex/latex/tabularray/tabularray.sty
Package: tabularray 2024-02-16 v2024A Typeset tabulars and arrays with LaTeX3
\l__tblr_a_int=\count358
\l__tblr_c_int=\count359
\l__tblr_r_int=\count360
\l__tblr_d_dim=\dimen310
\l__tblr_h_dim=\dimen311
\l__tblr_o_dim=\dimen312
\l__tblr_p_dim=\dimen313
\l__tblr_q_dim=\dimen314
\l__tblr_r_dim=\dimen315
\l__tblr_s_dim=\dimen316
\l__tblr_t_dim=\dimen317
\l__tblr_v_dim=\dimen318
\l__tblr_w_dim=\dimen319
\l__tblr_a_box=\box89
\l__tblr_b_box=\box90
\l__tblr_c_box=\box91
\l__tblr_d_box=\box92
\g__tblr_table_count_int=\count361
\c@colnum=\count362
\c@rowcount=\count363
\c@colcount=\count364
\abovesep=\dimen320
\belowsep=\dimen321
\leftsep=\dimen322
\rightsep=\dimen323
\g_tblr_level_int=\count365
\g__tblr_data_row_key_count_int=\count366
\g__tblr_data_column_key_count_int=\count367
\g__tblr_data_cell_key_count_int=\count368
\g__tblr_array_int=\count369
\l__tblr_key_count_int=\count370
\l__tblr_key_quotient_int=\count371
\l__tblr_key_quotient_two_int=\count372
\l__tblr_key_remainder_int=\count373
\g__tblr_data_str_value_count_int=\count374
\rulewidth=\dimen324
\l__tblr_strut_dp_dim=\dimen325
\l__tblr_strut_ht_dim=\dimen326
\g__tblr_cell_wd_dim=\dimen327
\g__tblr_cell_ht_dim=\dimen328
\g__tblr_cell_head_dim=\dimen329
\g__tblr_cell_foot_dim=\dimen330
\l__column_target_dim=\dimen331
\l__tblr_caption_box=\box93
\l__tblr_caption_left_box=\box94
\l__tblr_row_head_box=\box95
\l__tblr_row_foot_box=\box96
\l__tblr_row_head_foot_dim=\dimen332
\tablewidth=\dimen333
\l__tblr_table_firsthead_box=\box97
\l__tblr_table_middlehead_box=\box98
\l__tblr_table_lasthead_box=\box99
\l__tblr_table_firstfoot_box=\box100
\l__tblr_table_middlefoot_box=\box101
\l__tblr_table_lastfoot_box=\box102
\l__tblr_remain_height_dim=\dimen334
\l__tblr_long_from_int=\count375
\l__tblr_long_to_int=\count376
\l__tblr_curr_i_int=\count377
\l__tblr_prev_i_int=\count378
\l__tblr_table_page_int=\count379
\l__tblr_table_head_box=\box103
\l__tblr_table_foot_box=\box104
\l__tblr_table_head_foot_dim=\dimen335
\l__tblr_table_head_body_foot_dim=\dimen336
\l__tblr_table_box=\box105
\l__tblr_table_hlines_box=\box106
\l__tblr_hline_box=\box107
\l__tblr_row_box=\box108
\l__tblr_col_o_wd_dim=\dimen337
\l__tblr_col_b_wd_dim=\dimen338
\l__tblr_hline_leftskip_dim=\dimen339
\l__tblr_hline_rightskip_dim=\dimen340
\l__tblr_row_ht_dim=\dimen341
\l__tblr_row_dp_dim=\dimen342
\l__tblr_row_abovesep_dim=\dimen343
\l__tblr_row_belowsep_dim=\dimen344
\l__tblr_row_vlines_box=\box109
\l__tblr_vline_box=\box110
\l__tblr_cell_box=\box111
\l__row_upper_dim=\dimen345
\l__row_lower_dim=\dimen346
\l__row_vpace_dim=\dimen347
\l__tblr_vline_aboveskip_dim=\dimen348
\l__tblr_vline_belowskip_dim=\dimen349
\l__tblr_cell_wd_dim=\dimen350
\l__tblr_cell_ht_dim=\dimen351
\l__tblr_diag_box=\box112
)
(c:/texlive/2025/texmf-dist/tex/latex/multirow/multirow.sty
Package: multirow 2024/11/12 v2.9 Span multiple rows of a table
\multirow@colwidth=\skip69
\multirow@cntb=\count380
\multirow@dima=\skip70
\bigstrutjot=\dimen352
)
(c:/texlive/2025/texmf-dist/tex/latex/tools/multicol.sty
Package: multicol 2024/09/14 v1.9i multicolumn formatting (FMi)
\c@tracingmulticols=\count381
\mult@box=\box113
\multicol@leftmargin=\dimen353
\c@unbalance=\count382
\c@collectmore=\count383
\doublecol@number=\count384
\multicoltolerance=\count385
\multicolpretolerance=\count386
\full@width=\dimen354
\page@free=\dimen355
\premulticols=\dimen356
\postmulticols=\dimen357
\multicolsep=\skip71
\multicolbaselineskip=\skip72
\partial@page=\box114
\last@line=\box115
\mc@boxedresult=\box116
\maxbalancingoverflow=\dimen358
\mult@rightbox=\box117
\mult@grightbox=\box118
\mult@firstbox=\box119
\mult@gfirstbox=\box120
\@tempa=\box121
\@tempa=\box122
\@tempa=\box123
\@tempa=\box124
\@tempa=\box125
\@tempa=\box126
\@tempa=\box127
\@tempa=\box128
\@tempa=\box129
\@tempa=\box130
\@tempa=\box131
\@tempa=\box132
\@tempa=\box133
\@tempa=\box134
\@tempa=\box135
\@tempa=\box136
\@tempa=\box137
\@tempa=\box138
\@tempa=\box139
\@tempa=\box140
\@tempa=\box141
\@tempa=\box142
\@tempa=\box143
\@tempa=\box144
\@tempa=\box145
\@tempa=\box146
\@tempa=\box147
\@tempa=\box148
\@tempa=\box149
\@tempa=\box150
\@tempa=\box151
\@tempa=\box152
\@tempa=\box153
\@tempa=\box154
\@tempa=\box155
\@tempa=\box156
\c@minrows=\count387
\c@columnbadness=\count388
\c@finalcolumnbadness=\count389
\last@try=\dimen359
\multicolovershoot=\dimen360
\multicolundershoot=\dimen361
\mult@nat@firstbox=\box157
\colbreak@box=\box158
\mc@col@check@num=\count390
)
(c:/texlive/2025/texmf-dist/tex/latex/dashrule/dashrule.sty
Package: dashrule 2013/03/28 v1.3 Dashed rules

(c:/texlive/2025/texmf-dist/tex/latex/ifmtarg/ifmtarg.sty
Package: ifmtarg 2018/04/16 v1.2b check for an empty argument
)
\c@hdr@segments=\count391
)
(c:/texlive/2025/texmf-dist/tex/latex/tools/longtable.sty
Package: longtable 2024-10-27 v4.22 Multi-page Table package (DPC)
\LTleft=\skip73
\LTright=\skip74
\LTpre=\skip75
\LTpost=\skip76
\LTchunksize=\count392
\LTcapwidth=\dimen362
\LT@head=\box159
\LT@firsthead=\box160
\LT@foot=\box161
\LT@lastfoot=\box162
\LT@gbox=\box163
\LT@cols=\count393
\LT@rows=\count394
\c@LT@tables=\count395
\c@LT@chunks=\count396
\LT@p@ftn=\toks46
)
(c:/texlive/2025/texmf-dist/tex/latex/typicons/typicons.sty
Package: typicons 2015/05/20 v2.0.7 typicon icons

Missing character: There is no   (U+0020) in font [typicons.ttf]/OT!
Missing character: There is no   (U+0020) in font [typicons.ttf]/OT!
Missing character: There is no   (U+0020) in font [typicons.ttf]/OT:language=df
lt;!

Package fontspec Info: 
(fontspec)             Font family 'typicons.ttf(0)' created for font
(fontspec)             'typicons.ttf' with options [].
(fontspec)              
(fontspec)              This font family consists of the following NFSS
(fontspec)             series/shapes:
(fontspec)              
(fontspec)             - 'normal' (m/n) with NFSS spec.:
(fontspec)             <->"[typicons.ttf]/OT:language=dflt;"

) (./fontawesome.sty
Package: fontawesome 2016/05/15 v4.6.3.1 font awesome icons
 (c:/texlive/2025/texmf-dist/tex/generic/iftex/ifxetex.sty
Package: ifxetex 2019/10/25 v0.7 ifxetex legacy package. Use iftex instead.
) (c:/texlive/2025/texmf-dist/tex/generic/iftex/ifluatex.sty
Package: ifluatex 2019/10/25 v1.5 ifluatex legacy package. Use iftex instead.
)
(c:/texlive/2025/texmf-dist/tex/latex/fontawesome/fontawesomesymbols-generic.te
x)

Package fontspec Info: 
(fontspec)             Could not resolve font "FontAwesome/BI" (it probably
(fontspec)             doesn't exist).


Package fontspec Info: 
(fontspec)             Could not resolve font "FontAwesome/B" (it probably
(fontspec)             doesn't exist).


Package fontspec Info: 
(fontspec)             Could not resolve font "FontAwesome/I" (it probably
(fontspec)             doesn't exist).


Package fontspec Info: 
(fontspec)             Font family 'FontAwesome(0)' created for font
(fontspec)             'FontAwesome' with options [].
(fontspec)              
(fontspec)              This font family consists of the following NFSS
(fontspec)             series/shapes:
(fontspec)              
(fontspec)             - 'normal' (m/n) with NFSS spec.:
(fontspec)             <->"FontAwesome/OT:language=dflt;"


(c:/texlive/2025/texmf-dist/tex/latex/fontawesome/fontawesomesymbols-xeluatex.t
ex)) (./fontmfizz.sty
Package: fontmfizz 2017/03/19

Package fontspec Info: 
(fontspec)             Could not resolve font "font-mfizz/BI" (it probably
(fontspec)             doesn't exist).


Package fontspec Info: 
(fontspec)             Could not resolve font "font-mfizz/B" (it probably
(fontspec)             doesn't exist).


Package fontspec Info: 
(fontspec)             Could not resolve font "font-mfizz/I" (it probably
(fontspec)             doesn't exist).


Package fontspec Info: 
(fontspec)             Font family 'font-mfizz(0)' created for font
(fontspec)             'font-mfizz' with options [].
(fontspec)              
(fontspec)              This font family consists of the following NFSS
(fontspec)             series/shapes:
(fontspec)              
(fontspec)             - 'normal' (m/n) with NFSS spec.:
(fontspec)             <->"font-mfizz/OT:language=dflt;"

)
(c:/texlive/2025/texmf-dist/tex/latex/fancybox/fancybox.sty
Package: fancybox 2010/05/15 1.4

Style option: `fancybox' v1.4 <2010/05/15> (tvz)
\@fancybox=\box164
\shadowsize=\dimen363
\@Sbox=\box165
\do@VerbBox=\toks47
\the@fancyput=\toks48
\this@fancyput=\toks49
\EndVerbatimTokens=\toks50
\Verbatim@Outfile=\write4
\Verbatim@Infile=\read6
) (c:/texlive/2025/texmf-dist/tex/latex/fbox/fbox.sty
Package: fbox 2023/12/04 v. 0.07 allow parts of the frame (hv)
\fbox@@rule=\skip77
\fbox@@sep=\skip78
\fbox@@linewidth=\skip79
\fpar@b@x=\box166
)
(c:/texlive/2025/texmf-dist/tex/latex/progressbar/progressbar.sty
Package: progressbar 2014/05/04 v1.0b~4: progressbar
\BarWidth=\skip80
\BarWidthCenter=\skip81
\BarHeight=\skip82
\BarHeightCenter=\skip83
\BarBorderWidth=\skip84
\BarRoundedCorners=\skip85
\BarPartWidth=\skip86
\BarSubDivisionsWidthANU=\skip87
\BarSubDivisionsWidthBNU=\skip88
\BarSubDivisionsWidthCNU=\skip89
\c@progressbar@counter=\count397
)
(c:/texlive/2025/texmf-dist/tex/latex/wrapfig/wrapfig.sty
\wrapoverhang=\dimen364
\WF@size=\dimen365
\c@WF@wrappedlines=\count398
\WF@box=\box167
\WF@everypar=\toks51
Package: wrapfig 2003/01/31  v 3.6
)
(c:/texlive/2025/texmf-dist/tex/latex/caption/subcaption.sty
Package: subcaption 2023/07/28 v1.6b Sub-captions (AR)

(c:/texlive/2025/texmf-dist/tex/latex/caption/caption.sty
Package: caption 2023/08/05 v3.6o Customizing captions (AR)

(c:/texlive/2025/texmf-dist/tex/latex/caption/caption3.sty
Package: caption3 2023/07/31 v2.4d caption3 kernel (AR)
\caption@tempdima=\dimen366
\captionmargin=\dimen367
\caption@leftmargin=\dimen368
\caption@rightmargin=\dimen369
\caption@width=\dimen370
\caption@indent=\dimen371
\caption@parindent=\dimen372
\caption@hangindent=\dimen373
Package caption Info: Standard document class detected.
)
\c@caption@flags=\count399
\c@continuedfloat=\count400
Package caption Info: listings package is loaded.
Package caption Info: longtable package is loaded.

(c:/texlive/2025/texmf-dist/tex/latex/caption/ltcaption.sty
Package: ltcaption 2021/01/08 v1.4c longtable captions (AR)
)
Package caption Info: wrapfig package is loaded.
)
Package caption Info: New subtype `subfigure' on input line 238.
\c@subfigure=\count401
Package caption Info: New subtype `subtable' on input line 238.
\c@subtable=\count402
)
(c:/texlive/2025/texmf-dist/tex/latex/siunitx/siunitx.sty
Package: siunitx 2025-02-27 v3.4.6 A comprehensive (SI) units package
\l__siunitx_number_uncert_offset_int=\count403
\l__siunitx_number_exponent_fixed_int=\count404
\l__siunitx_number_min_decimal_int=\count405
\l__siunitx_number_min_integer_int=\count406
\l__siunitx_number_round_precision_int=\count407
\l__siunitx_number_lower_threshold_int=\count408
\l__siunitx_number_upper_threshold_int=\count409
\l__siunitx_number_group_first_int=\count410
\l__siunitx_number_group_size_int=\count411
\l__siunitx_number_group_minimum_int=\count412
\l__siunitx_angle_tmp_dim=\dimen374
\l__siunitx_angle_marker_box=\box168
\l__siunitx_angle_unit_box=\box169
\l__siunitx_compound_count_int=\count413

(c:/texlive/2025/texmf-dist/tex/latex/translations/translations.sty
Package: translations 2022/02/05 v1.12 internationalization of LaTeX2e packages
 (CN)

(c:/texlive/2025/texmf-dist/tex/generic/pdftexcmds/pdftexcmds.sty
Package: pdftexcmds 2020-06-27 v0.33 Utility functions of pdfTeX for LuaTeX (HO
)
Package pdftexcmds Info: \pdf@primitive is available.
Package pdftexcmds Info: \pdf@ifprimitive is available.
Package pdftexcmds Info: \pdfdraftmode not found.
))
\l__siunitx_table_tmp_box=\box170
\l__siunitx_table_tmp_dim=\dimen375
\l__siunitx_table_column_width_dim=\dimen376
\l__siunitx_table_integer_box=\box171
\l__siunitx_table_decimal_box=\box172
\l__siunitx_table_uncert_box=\box173
\l__siunitx_table_before_box=\box174
\l__siunitx_table_after_box=\box175
\l__siunitx_table_before_dim=\dimen377
\l__siunitx_table_carry_dim=\dimen378
\l__siunitx_unit_tmp_int=\count414
\l__siunitx_unit_position_int=\count415
\l__siunitx_unit_total_int=\count416
)
(c:/texlive/2025/texmf-dist/tex/latex/booktabs/booktabs.sty
Package: booktabs 2020/01/12 v1.61803398 Publication quality tables
\heavyrulewidth=\dimen379
\lightrulewidth=\dimen380
\cmidrulewidth=\dimen381
\belowrulesep=\dimen382
\belowbottomsep=\dimen383
\aboverulesep=\dimen384
\abovetopsep=\dimen385
\cmidrulesep=\dimen386
\cmidrulekern=\dimen387
\defaultaddspace=\dimen388
\@cmidla=\count417
\@cmidlb=\count418
\@aboverulesep=\dimen389
\@belowrulesep=\dimen390
\@thisruleclass=\count419
\@lastruleclass=\count420
\@thisrulewidth=\dimen391
)
(c:/texlive/2025/texmf-dist/tex/latex/makecell/makecell.sty
Package: makecell 2009/08/03 V0.1e Managing of Tab Column Heads and Cells
\rotheadsize=\dimen392
\c@nlinenum=\count421
\TeXr@lab=\toks52
)
(c:/texlive/2025/texmf-dist/tex/latex/float/float.sty
Package: float 2001/11/08 v1.3d Float enhancements (AL)
\c@float@type=\count422
\float@exts=\toks53
\float@box=\box176
\@float@everytoks=\toks54
\@floatcapt=\box177
)
(c:/texlive/2025/texmf-dist/tex/latex/placeins/placeins.sty
Package: placeins 2005/04/18  v 2.2
)
(c:/texlive/2025/texmf-dist/tex/latex/geometry/geometry.sty
Package: geometry 2020/01/02 v5.9 Page Geometry

(c:/texlive/2025/texmf-dist/tex/generic/iftex/ifvtex.sty
Package: ifvtex 2019/10/25 v1.7 ifvtex legacy package. Use iftex instead.
)
\Gm@cnth=\count423
\Gm@cntv=\count424
\c@Gm@tempcnt=\count425
\Gm@bindingoffset=\dimen393
\Gm@wd@mp=\dimen394
\Gm@odd@mp=\dimen395
\Gm@even@mp=\dimen396
\Gm@layoutwidth=\dimen397
\Gm@layoutheight=\dimen398
\Gm@layouthoffset=\dimen399
\Gm@layoutvoffset=\dimen400
\Gm@dimlist=\toks55
)
(c:/texlive/2025/texmf-dist/tex/latex/menukeys/menukeys.sty
Package: menukeys 2022/07/01 v1.6.2 -- A package to format menus, paths and sho
rtcuts

(c:/texlive/2025/texmf-dist/tex/generic/xstring/xstring.sty
(c:/texlive/2025/texmf-dist/tex/generic/xstring/xstring.tex
\xs_counta=\count426
\xs_countb=\count427
)
Package: xstring 2023/08/22 v1.86 String manipulations (CT)
)
(c:/texlive/2025/texmf-dist/tex/generic/pgf/frontendlayer/tikz/libraries/tikzli
brarycalc.code.tex
File: tikzlibrarycalc.code.tex 2023-01-15 v3.1.10 (3.1.10)
)
(c:/texlive/2025/texmf-dist/tex/generic/pgf/frontendlayer/tikz/libraries/tikzli
braryshapes.symbols.code.tex
File: tikzlibraryshapes.symbols.code.tex 2023-01-15 v3.1.10 (3.1.10)

(c:/texlive/2025/texmf-dist/tex/generic/pgf/libraries/shapes/pgflibraryshapes.s
ymbols.code.tex
File: pgflibraryshapes.symbols.code.tex 2023-01-15 v3.1.10 (3.1.10)
))
(c:/texlive/2025/texmf-dist/tex/generic/pgf/frontendlayer/tikz/libraries/tikzli
braryshadows.code.tex
File: tikzlibraryshadows.code.tex 2023-01-15 v3.1.10 (3.1.10)

(c:/texlive/2025/texmf-dist/tex/generic/pgf/frontendlayer/tikz/libraries/tikzli
braryfadings.code.tex
File: tikzlibraryfadings.code.tex 2023-01-15 v3.1.10 (3.1.10)

(c:/texlive/2025/texmf-dist/tex/generic/pgf/libraries/pgflibraryfadings.code.te
x
File: pgflibraryfadings.code.tex 2023-01-15 v3.1.10 (3.1.10)
))) (c:/texlive/2025/texmf-dist/tex/latex/adjustbox/adjustbox.sty
Package: adjustbox 2025/02/26 v1.3c Adjusting TeX boxes (trim, clip, ...)

(c:/texlive/2025/texmf-dist/tex/latex/adjustbox/adjcalc.sty
Package: adjcalc 2012/05/16 v1.1 Provides advanced setlength with multiple back
-ends (calc, etex, pgfmath)
)
(c:/texlive/2025/texmf-dist/tex/latex/adjustbox/trimclip.sty
Package: trimclip 2025/02/21 v1.2a Trim and clip general TeX material

(c:/texlive/2025/texmf-dist/tex/latex/collectbox/collectbox.sty
Package: collectbox 2022/10/17 v0.4c Collect macro arguments as boxes
\collectedbox=\box178
)
\tc@llx=\dimen401
\tc@lly=\dimen402
\tc@urx=\dimen403
\tc@ury=\dimen404
Package trimclip Info: Using driver 'tc-xetex.def'.

(c:/texlive/2025/texmf-dist/tex/latex/adjustbox/tc-xetex.def
File: tc-xetex.def 2019/01/04 v2.2 Clipping driver for xetex
))
\adjbox@Width=\dimen405
\adjbox@Height=\dimen406
\adjbox@Depth=\dimen407
\adjbox@Totalheight=\dimen408
\adjbox@pwidth=\dimen409
\adjbox@pheight=\dimen410
\adjbox@pdepth=\dimen411
\adjbox@ptotalheight=\dimen412

(c:/texlive/2025/texmf-dist/tex/latex/ifoddpage/ifoddpage.sty
Package: ifoddpage 2022/10/18 v1.2 Conditionals for odd/even page detection
\c@checkoddpage=\count428
)
(c:/texlive/2025/texmf-dist/tex/latex/varwidth/varwidth.sty
Package: varwidth 2009/03/30 ver 0.92;  Variable-width minipages
\@vwid@box=\box179
\sift@deathcycles=\count429
\@vwid@loff=\dimen413
\@vwid@roff=\dimen414
))
\l__twmk_indris_int=\count430
\c@tw@hyphen@char@num=\count431
)
(c:/texlive/2025/texmf-dist/tex/latex/animate/animate.sty
Package: animate 2024/10/14 PDF & SVG animations from files and inline graphics


(c:/texlive/2025/texmf-dist/tex/latex/oberdiek/ifdraft.sty
Package: ifdraft 2016/05/16 v1.4 Detect class options draft and final (HO)
)
(c:/texlive/2025/texmf-dist/tex/latex/media9/pdfbase.sty
Package: pdfbase 2024/09/16 v0.59 driver independent access to low-level PDF fe
atures
\g_pbs_page_int=\count432
\g_pbs_obj_int=\count433
\g_pbs_oc_int=\count434
)
(c:/texlive/2025/texmf-dist/tex/latex/zref/zref-abspage.sty
Package: zref-abspage 2023-09-14 v2.35 Module abspage for zref (HO)

(c:/texlive/2025/texmf-dist/tex/latex/zref/zref-base.sty
Package: zref-base 2023-09-14 v2.35 Module base for zref (HO)

(c:/texlive/2025/texmf-dist/tex/generic/kvdefinekeys/kvdefinekeys.sty
Package: kvdefinekeys 2019-12-19 v1.6 Define keys (HO)
)
(c:/texlive/2025/texmf-dist/tex/generic/etexcmds/etexcmds.sty
Package: etexcmds 2019/12/15 v1.7 Avoid name clashes with e-TeX commands (HO)
)
(c:/texlive/2025/texmf-dist/tex/latex/auxhook/auxhook.sty
Package: auxhook 2019-12-17 v1.6 Hooks for auxiliary files (HO)
)
Package zref Info: New property list: main on input line 767.
Package zref Info: New property: default on input line 768.
Package zref Info: New property: page on input line 769.
)
\c@abspage=\count435
Package zref Info: New property: abspage on input line 67.
)
(c:/texlive/2025/texmf-dist/tex/latex/ocgx2/ocgbase.sty
Package: ocgbase 2024/09/15 v0.24 support package for ocgx2.sty
)
\@anim@box=\box180
\@anim@measbox=\box181
\@anim@tmpdima=\dimen415
\@anim@tmpdimb=\dimen416
\@anim@num=\count436
\@anim@curframe=\count437
\@anim@curframe@zb=\count438
\@anim@resizeflags=\count439
\@anim@skipfram=\count440
\@anim@mulframecnt=\count441
\@anim@@tmlnfile=\read7
\@anim@tmpcnt=\count442
\c@@anim@ltxcnt=\count443
\@anim@curlayer=\count444
\@anim@lineno=\count445
\@anim@curfield=\count446
\@anim@@resizeflags=\count447
)
(c:/texlive/2025/texmf-dist/tex/latex/forest/forest.sty
Package: forest 2017/07/14 v2.1.5 Drawing (linguistic) trees

(c:/texlive/2025/texmf-dist/tex/generic/pgf/frontendlayer/tikz/libraries/tikzli
braryshapes.code.tex
File: tikzlibraryshapes.code.tex 2023-01-15 v3.1.10 (3.1.10)

(c:/texlive/2025/texmf-dist/tex/generic/pgf/frontendlayer/tikz/libraries/tikzli
braryshapes.geometric.code.tex
File: tikzlibraryshapes.geometric.code.tex 2023-01-15 v3.1.10 (3.1.10)

(c:/texlive/2025/texmf-dist/tex/generic/pgf/libraries/shapes/pgflibraryshapes.g
eometric.code.tex
File: pgflibraryshapes.geometric.code.tex 2023-01-15 v3.1.10 (3.1.10)
))
(c:/texlive/2025/texmf-dist/tex/generic/pgf/frontendlayer/tikz/libraries/tikzli
braryshapes.misc.code.tex
File: tikzlibraryshapes.misc.code.tex 2023-01-15 v3.1.10 (3.1.10)

(c:/texlive/2025/texmf-dist/tex/generic/pgf/libraries/shapes/pgflibraryshapes.m
isc.code.tex
File: pgflibraryshapes.misc.code.tex 2023-01-15 v3.1.10 (3.1.10)
))
(c:/texlive/2025/texmf-dist/tex/generic/pgf/frontendlayer/tikz/libraries/tikzli
braryshapes.arrows.code.tex
File: tikzlibraryshapes.arrows.code.tex 2023-01-15 v3.1.10 (3.1.10)

(c:/texlive/2025/texmf-dist/tex/generic/pgf/libraries/shapes/pgflibraryshapes.a
rrows.code.tex
File: pgflibraryshapes.arrows.code.tex 2023-01-15 v3.1.10 (3.1.10)
))
(c:/texlive/2025/texmf-dist/tex/generic/pgf/frontendlayer/tikz/libraries/tikzli
braryshapes.callouts.code.tex
(c:/texlive/2025/texmf-dist/tex/generic/pgf/libraries/shapes/pgflibraryshapes.c
allouts.code.tex))
(c:/texlive/2025/texmf-dist/tex/generic/pgf/frontendlayer/tikz/libraries/tikzli
braryshapes.multipart.code.tex
File: tikzlibraryshapes.multipart.code.tex 2023-01-15 v3.1.10 (3.1.10)

(c:/texlive/2025/texmf-dist/tex/generic/pgf/libraries/shapes/pgflibraryshapes.m
ultipart.code.tex
File: pgflibraryshapes.multipart.code.tex 2023-01-15 v3.1.10 (3.1.10)
\pgfnodepartlowerbox=\box182
\pgfnodeparttwobox=\box183
\pgfnodepartthreebox=\box184
\pgfnodepartfourbox=\box185
\pgfnodeparttwentybox=\box186
\pgfnodepartnineteenbox=\box187
\pgfnodeparteighteenbox=\box188
\pgfnodepartseventeenbox=\box189
\pgfnodepartsixteenbox=\box190
\pgfnodepartfifteenbox=\box191
\pgfnodepartfourteenbox=\box192
\pgfnodepartthirteenbox=\box193
\pgfnodeparttwelvebox=\box194
\pgfnodepartelevenbox=\box195
\pgfnodeparttenbox=\box196
\pgfnodepartninebox=\box197
\pgfnodeparteightbox=\box198
\pgfnodepartsevenbox=\box199
\pgfnodepartsixbox=\box256
\pgfnodepartfivebox=\box257
)))
(c:/texlive/2025/texmf-dist/tex/generic/pgf/frontendlayer/tikz/libraries/tikzli
braryfit.code.tex
File: tikzlibraryfit.code.tex 2023-01-15 v3.1.10 (3.1.10)
)
(c:/texlive/2025/texmf-dist/tex/generic/pgf/libraries/pgflibraryintersections.c
ode.tex
(c:/texlive/2025/texmf-dist/tex/generic/pgf/libraries/pgflibraryfpu.code.tex)
\pgf@intersect@solutions=\count448
)
(c:/texlive/2025/texmf-dist/tex/latex/pgfopts/pgfopts.sty
Package: pgfopts 2014/07/10 v2.1a LaTeX package options with pgfkeys
\pgfopts@list@add@a@toks=\toks56
\pgfopts@list@add@b@toks=\toks57
)
(c:/texlive/2025/texmf-dist/tex/latex/elocalloc/elocalloc.sty
Package: elocalloc 2016/12/15 v0.03 local allocation for LaTeX 2015+ (DPC)
)
(c:/texlive/2025/texmf-dist/tex/latex/inlinedef/inlinedef.sty
Package: inlinedef 2008/07/10 v1.0 Inlined expansions within definitions
\ID@toks=\toks58
\ID@count=\count449
)
\ID@usercommands=\toks59
\safeloop@depth=\count450
\safeRKloop@depth=\count451
\forest@temp@dimen=\dimen417
\forest@temp@count=\count452
\forest@n=\count453
\forest@temp@global@count=\count454
\forest@temp@toks=\toks60
\forest@temparray@M=\count455
\forest@temparray@N=\count456
\forest@global@temparray@M=\count457
\forest@global@temparray@N=\count458
\forest@isnum@count=\count459
\forest@isdim@nonintpart=\count460
\forest@isdim@dimen=\dimen418
\forest@sort@m=\count461
\forest@sort@k=\count462
\forest@sort@p=\count463
\bracket@content=\toks61
\bracket@afterthought=\toks62
\forest@node@maxid=\count464
\forest@process@left@M=\count465
\forest@process@left@N=\count466
\forest@process@right@M=\count467
\forest@process@right@N=\count468
\forest@process@saved@M=\count469
\forest@process@saved@N=\count470
\forest@process@result@M=\count471
\forest@process@result@N=\count472
\forest@process@n=\count473
\forest@nodewalk@branch@toks=\toks63
\forest@nodewalk@shortsteps@resolution=\toks64
\forest@do@dynamics=\toks65
\forest@box=\box258
\forest@xg=\dimen419
\forest@yg=\dimen420
\forest@xs=\dimen421
\forest@ys=\dimen422
\forest@pi@toks=\toks66
\forest@segment@toks=\toks67
\forest@PIi@toks=\toks68
\forest@PIii@toks=\toks69
\forest@copy@in=\read8
\forest@copy@out=\write5
\forest@externalize@max@outer@n=\count474
\forest@externalize@inner@n=\count475
)
(c:/texlive/2025/texmf-dist/tex/latex/enumitem/enumitem.sty
Package: enumitem 2025/02/06 v3.11 Customized lists
\labelindent=\skip90
\enit@outerparindent=\dimen423
\enit@toks=\toks70
\enit@inbox=\box259
\enit@count@id=\count476
\enitdp@description=\count477
)
(c:/texlive/2025/texmf-dist/tex/latex/fancyhdr/fancyhdr.sty
Package: fancyhdr 2025/02/07 v5.2 Extensive control of page headers and footers

\f@nch@headwidth=\skip91
\f@nch@offset@elh=\skip92
\f@nch@offset@erh=\skip93
\f@nch@offset@olh=\skip94
\f@nch@offset@orh=\skip95
\f@nch@offset@elf=\skip96
\f@nch@offset@erf=\skip97
\f@nch@offset@olf=\skip98
\f@nch@offset@orf=\skip99
\f@nch@height=\skip100
\f@nch@footalignment=\skip101
\f@nch@widthL=\skip102
\f@nch@widthC=\skip103
\f@nch@widthR=\skip104
\@temptokenb=\toks71
)
(c:/texlive/2025/texmf-dist/tex/latex/titlesec/titlesec.sty
Package: titlesec 2025/01/04 v2.17 Sectioning titles
\ttl@box=\box260
\beforetitleunit=\skip105
\aftertitleunit=\skip106
\ttl@plus=\dimen424
\ttl@minus=\dimen425
\ttl@toksa=\toks72
\titlewidth=\dimen426
\titlewidthlast=\dimen427
\titlewidthfirst=\dimen428
)
(c:/texlive/2025/texmf-dist/tex/latex/natbib/natbib.sty
Package: natbib 2010/09/13 8.31b (PWD, AO)
\bibhang=\skip107
\bibsep=\skip108
LaTeX Info: Redefining \cite on input line 694.
\c@NAT@ctr=\count478
)
(c:/texlive/2025/texmf-dist/tex/generic/pgf/frontendlayer/tikz/libraries/tikzli
brarydecorations.pathmorphing.code.tex
(c:/texlive/2025/texmf-dist/tex/generic/pgf/frontendlayer/tikz/libraries/tikzli
brarydecorations.code.tex
(c:/texlive/2025/texmf-dist/tex/generic/pgf/modules/pgfmoduledecorations.code.t
ex
\pgfdecoratedcompleteddistance=\dimen429
\pgfdecoratedremainingdistance=\dimen430
\pgfdecoratedinputsegmentcompleteddistance=\dimen431
\pgfdecoratedinputsegmentremainingdistance=\dimen432
\pgf@decorate@distancetomove=\dimen433
\pgf@decorate@repeatstate=\count479
\pgfdecorationsegmentamplitude=\dimen434
\pgfdecorationsegmentlength=\dimen435
)
\tikz@lib@dec@box=\box261
)
(c:/texlive/2025/texmf-dist/tex/generic/pgf/libraries/decorations/pgflibrarydec
orations.pathmorphing.code.tex))
(c:/texlive/2025/texmf-dist/tex/generic/pgf/frontendlayer/tikz/libraries/tikzli
brarydecorations.pathreplacing.code.tex
(c:/texlive/2025/texmf-dist/tex/generic/pgf/libraries/decorations/pgflibrarydec
orations.pathreplacing.code.tex))
(c:/texlive/2025/texmf-dist/tex/generic/pgf/frontendlayer/tikz/libraries/tikzli
brarydecorations.shapes.code.tex
(c:/texlive/2025/texmf-dist/tex/generic/pgf/libraries/decorations/pgflibrarydec
orations.shapes.code.tex))
(c:/texlive/2025/texmf-dist/tex/latex/circuitikz/circuitikz.sty
Package: circuitikz 2025/01/10{} The CircuiTikz circuit drawing package version
 1.7.1

(c:/texlive/2025/texmf-dist/tex/generic/pgf/libraries/pgflibraryarrows.meta.cod
e.tex
File: pgflibraryarrows.meta.code.tex 2023-01-15 v3.1.10 (3.1.10)
\pgfarrowinset=\dimen436
\pgfarrowlength=\dimen437
\pgfarrowwidth=\dimen438
\pgfarrowlinewidth=\dimen439
)
(c:/texlive/2025/texmf-dist/tex/generic/pgf/frontendlayer/tikz/libraries/tikzli
brarybending.code.tex
File: tikzlibrarybending.code.tex 2023-01-15 v3.1.10 (3.1.10)

(c:/texlive/2025/texmf-dist/tex/generic/pgf/modules/pgfmodulebending.code.tex
File: pgfmodulebending.code.tex 2023-01-15 v3.1.10 (3.1.10)

(c:/texlive/2025/texmf-dist/tex/generic/pgf/modules/pgfmodulenonlineartransform
ations.code.tex
File: pgfmodulenonlineartransformations.code.tex 2023-01-15 v3.1.10 (3.1.10)
\pgftransformnonlinearflatness=\dimen440
)
(c:/texlive/2025/texmf-dist/tex/generic/pgf/libraries/pgflibrarycurvilinear.cod
e.tex
File: pgflibrarycurvilinear.code.tex 2023-01-15 v3.1.10 (3.1.10)
\pgf@curvilinear@time@a=\dimen441
\pgf@curvilinear@length@a=\dimen442
\pgf@curvilinear@length@b=\dimen443
\pgf@curvilinear@length@c=\dimen444
\pgf@curvilinear@length@d=\dimen445
)
\pgf@arrows@the@rigidity=\dimen446
))
(c:/texlive/2025/texmf-dist/tex/generic/pgf/frontendlayer/tikz/libraries/tikzli
braryfpu.code.tex)
(c:/texlive/2025/texmf-dist/tex/generic/circuitikz/pgfcirc.defines.tex
\pgf@circ@count@a=\count480
\pgf@circ@count@b=\count481
\pgf@circ@count@c=\count482
\pgf@circ@res@up=\dimen447
\pgf@circ@res@down=\dimen448
\pgf@circ@res@zero=\dimen449
\pgf@circ@res@left=\dimen450
\pgf@circ@res@right=\dimen451
\pgf@circ@res@other=\dimen452
\pgf@circ@res@step=\dimen453
\pgf@circ@res@temp=\dimen454
\pgf@circ@Rlen=\dimen455
\pgf@circ@scaled@Rlen=\dimen456
\pgfstartlinewidth=\dimen457
)
(c:/texlive/2025/texmf-dist/tex/generic/circuitikz/pgfcircutils.tex
\ctikz@scratchbox=\box262
)
(c:/texlive/2025/texmf-dist/tex/generic/circuitikz/pgfcircpath.tex)
(c:/texlive/2025/texmf-dist/tex/generic/circuitikz/pgfcircshapes.tex)
(c:/texlive/2025/texmf-dist/tex/generic/circuitikz/pgfcircmonopoles.tex)
(c:/texlive/2025/texmf-dist/tex/generic/circuitikz/pgfcircbipoles.tex)
(c:/texlive/2025/texmf-dist/tex/generic/circuitikz/pgfcirctripoles.tex
\pgf@circ@res@count=\count483
)
(c:/texlive/2025/texmf-dist/tex/generic/circuitikz/pgfcircquadpoles.tex)
(c:/texlive/2025/texmf-dist/tex/generic/circuitikz/pgfcircmultipoles.tex)
(c:/texlive/2025/texmf-dist/tex/generic/circuitikz/pgfcirclabel.tex)
(c:/texlive/2025/texmf-dist/tex/generic/circuitikz/pgfcircvoltage.tex
\pgfcirc@labelshift=\dimen458
)
(c:/texlive/2025/texmf-dist/tex/generic/circuitikz/pgfcirccurrent.tex)
(c:/texlive/2025/texmf-dist/tex/generic/circuitikz/pgfcircflow.tex))
(c:/texlive/2025/texmf-dist/tex/generic/pgf/frontendlayer/tikz/libraries/circui
ts/tikzlibrarycircuits.code.tex
(c:/texlive/2025/texmf-dist/tex/generic/pgf/frontendlayer/tikz/libraries/tikzli
brarydecorations.markings.code.tex
(c:/texlive/2025/texmf-dist/tex/generic/pgf/libraries/decorations/pgflibrarydec
orations.markings.code.tex))
\tikz@lib@circ@count=\count484
\tikzcircuitssizeunit=\dimen459
)
(c:/texlive/2025/texmf-dist/tex/generic/pgf/frontendlayer/tikz/libraries/circui
ts/tikzlibrarycircuits.ee.IEC.code.tex
(c:/texlive/2025/texmf-dist/tex/generic/pgf/frontendlayer/tikz/libraries/tikzli
braryarrows.code.tex
File: tikzlibraryarrows.code.tex 2023-01-15 v3.1.10 (3.1.10)

(c:/texlive/2025/texmf-dist/tex/generic/pgf/libraries/pgflibraryarrows.code.tex
File: pgflibraryarrows.code.tex 2023-01-15 v3.1.10 (3.1.10)
\arrowsize=\dimen460
))
(c:/texlive/2025/texmf-dist/tex/generic/pgf/frontendlayer/tikz/libraries/circui
ts/tikzlibrarycircuits.ee.code.tex
(c:/texlive/2025/texmf-dist/tex/generic/pgf/libraries/shapes/circuits/pgflibrar
yshapes.gates.ee.code.tex))
(c:/texlive/2025/texmf-dist/tex/generic/pgf/libraries/shapes/circuits/pgflibrar
yshapes.gates.ee.IEC.code.tex))
(c:/texlive/2025/texmf-dist/tex/generic/pgf/frontendlayer/tikz/libraries/datavi
sualization/tikzlibrarydatavisualization.formats.functions.code.tex
File: tikzlibrarydatavisualization.formats.functions.code.tex 2023-01-15 v3.1.1
0 (3.1.10)

(c:/texlive/2025/texmf-dist/tex/generic/pgf/frontendlayer/tikz/libraries/datavi
sualization/tikzlibrarydatavisualization.code.tex
File: tikzlibrarydatavisualization.code.tex 2023-01-15 v3.1.10 (3.1.10)

(c:/texlive/2025/texmf-dist/tex/generic/pgf/modules/pgfmoduledatavisualization.
code.tex
File: pgfmoduledatavisualization.code.tex 2023-01-15 v3.1.10 (3.1.10)

(c:/texlive/2025/texmf-dist/tex/generic/pgf/modules/pgfmoduleoo.code.tex
\pgfoo@objectcount=\count485
\pgfoothis@count=\count486
\pgfoo@toks=\toks73
)
\pgf@lib@dv@cache@count=\count487
\pgf@lib@dv@cache@count=\count488
)
(c:/texlive/2025/texmf-dist/tex/generic/pgf/frontendlayer/tikz/libraries/tikzli
brarybackgrounds.code.tex
File: tikzlibrarybackgrounds.code.tex 2023-01-15 v3.1.10 (3.1.10)
\pgf@layerbox@background=\box263
\pgf@layerboxsaved@background=\box264
)
\tikzdvvisualizercounter=\count489
)
(c:/texlive/2025/texmf-dist/tex/generic/pgf/libraries/datavisualization/pgflibr
arydatavisualization.formats.functions.code.tex
File: pgflibrarydatavisualization.formats.functions.code.tex 2023-01-15 v3.1.10
 (3.1.10)
))
(c:/texlive/2025/texmf-dist/tex/latex/pgfplots/pgfplots.sty
(c:/texlive/2025/texmf-dist/tex/generic/pgfplots/pgfplots.revision.tex)
Package: pgfplots 2021/05/15 v1.18.1 Data Visualization (1.18.1)

(c:/texlive/2025/texmf-dist/tex/generic/pgfplots/pgfplots.code.tex
(c:/texlive/2025/texmf-dist/tex/generic/pgfplots/pgfplotscore.code.tex
\t@pgfplots@toka=\toks74
\t@pgfplots@tokb=\toks75
\t@pgfplots@tokc=\toks76
\pgfplots@tmpa=\dimen461
\c@pgfplots@coordindex=\count490
\c@pgfplots@scanlineindex=\count491

(c:/texlive/2025/texmf-dist/tex/generic/pgfplots/sys/pgfplotssysgeneric.code.te
x))
(c:/texlive/2025/texmf-dist/tex/generic/pgfplots/libs/pgfplotslibrary.code.tex)

(c:/texlive/2025/texmf-dist/tex/generic/pgfplots/oldpgfcompatib/pgfplotsoldpgfs
upp_loader.code.tex
Package pgfplots: loading complementary utilities for your pgf version...
\t@pgf@toka=\toks77
\t@pgf@tokb=\toks78
\t@pgf@tokc=\toks79

(c:/texlive/2025/texmf-dist/tex/generic/pgfplots/oldpgfcompatib/pgfplotsoldpgfs
upp_pgfutil-common-lists.tex))
(c:/texlive/2025/texmf-dist/tex/generic/pgfplots/util/pgfplotsutil.code.tex
(c:/texlive/2025/texmf-dist/tex/generic/pgfplots/liststructure/pgfplotsliststru
cture.code.tex)
(c:/texlive/2025/texmf-dist/tex/generic/pgfplots/liststructure/pgfplotsliststru
ctureext.code.tex)
(c:/texlive/2025/texmf-dist/tex/generic/pgfplots/liststructure/pgfplotsarray.co
de.tex
\c@pgfplotsarray@tmp=\count492
)
(c:/texlive/2025/texmf-dist/tex/generic/pgfplots/liststructure/pgfplotsmatrix.c
ode.tex)
(c:/texlive/2025/texmf-dist/tex/generic/pgfplots/numtable/pgfplotstableshared.c
ode.tex
\c@pgfplotstable@counta=\count493
\t@pgfplotstable@a=\toks80
)
(c:/texlive/2025/texmf-dist/tex/generic/pgfplots/liststructure/pgfplotsdeque.co
de.tex)
(c:/texlive/2025/texmf-dist/tex/generic/pgfplots/util/pgfplotsbinary.code.tex
(c:/texlive/2025/texmf-dist/tex/generic/pgfplots/util/pgfplotsbinary.data.code.
tex))
(c:/texlive/2025/texmf-dist/tex/generic/pgfplots/util/pgfplotsutil.verb.code.te
x)
(c:/texlive/2025/texmf-dist/tex/generic/pgfplots/libs/pgflibrarypgfplots.surfsh
ading.code.tex
\c@pgfplotslibrarysurf@no=\count494

(c:/texlive/2025/texmf-dist/tex/generic/pgfplots/sys/pgflibrarypgfplots.surfsha
ding.pgfsys-xetex.def
(c:/texlive/2025/texmf-dist/tex/generic/pgfplots/sys/pgflibrarypgfplots.surfsha
ding.pgfsys-dvipdfmx.def
\c@pgfplotslibrarysurf@streamlen=\count495
))))
(c:/texlive/2025/texmf-dist/tex/generic/pgfplots/util/pgfplotscolormap.code.tex
(c:/texlive/2025/texmf-dist/tex/generic/pgfplots/util/pgfplotscolor.code.tex))
(c:/texlive/2025/texmf-dist/tex/generic/pgfplots/pgfplotsstackedplots.code.tex)
(c:/texlive/2025/texmf-dist/tex/generic/pgfplots/pgfplotsplothandlers.code.tex
(c:/texlive/2025/texmf-dist/tex/generic/pgfplots/pgfplotsmeshplothandler.code.t
ex
(c:/texlive/2025/texmf-dist/tex/generic/pgfplots/pgfplotsmeshplotimage.code.tex
))) (c:/texlive/2025/texmf-dist/tex/generic/pgfplots/pgfplots.scaling.code.tex)

(c:/texlive/2025/texmf-dist/tex/generic/pgfplots/pgfplotscoordprocessing.code.t
ex)
(c:/texlive/2025/texmf-dist/tex/generic/pgfplots/pgfplots.errorbars.code.tex)
(c:/texlive/2025/texmf-dist/tex/generic/pgfplots/pgfplots.markers.code.tex)
(c:/texlive/2025/texmf-dist/tex/generic/pgfplots/pgfplotsticks.code.tex)
(c:/texlive/2025/texmf-dist/tex/generic/pgfplots/pgfplots.paths.code.tex)
(c:/texlive/2025/texmf-dist/tex/generic/pgfplots/libs/tikzlibrarypgfplots.conto
urlua.code.tex)
\pgfplots@numplots=\count496
\pgfplots@xmin@reg=\dimen462
\pgfplots@xmax@reg=\dimen463
\pgfplots@ymin@reg=\dimen464
\pgfplots@ymax@reg=\dimen465
\pgfplots@zmin@reg=\dimen466
\pgfplots@zmax@reg=\dimen467
)
(c:/texlive/2025/texmf-dist/tex/generic/pgf/frontendlayer/tikz/libraries/tikzli
braryplotmarks.code.tex
File: tikzlibraryplotmarks.code.tex 2023-01-15 v3.1.10 (3.1.10)

(c:/texlive/2025/texmf-dist/tex/generic/pgf/libraries/pgflibraryplotmarks.code.
tex
File: pgflibraryplotmarks.code.tex 2023-01-15 v3.1.10 (3.1.10)
))) (c:/texlive/2025/texmf-dist/tex/latex/hyperref/hyperref.sty
Package: hyperref 2024-11-05 v7.01l Hypertext links for LaTeX

(c:/texlive/2025/texmf-dist/tex/generic/pdfescape/pdfescape.sty
Package: pdfescape 2019/12/09 v1.15 Implements pdfTeX's escape features (HO)
)
(c:/texlive/2025/texmf-dist/tex/latex/hycolor/hycolor.sty
Package: hycolor 2020-01-27 v1.10 Color options for hyperref/bookmark (HO)
)
(c:/texlive/2025/texmf-dist/tex/latex/hyperref/nameref.sty
Package: nameref 2023-11-26 v2.56 Cross-referencing by name of section

(c:/texlive/2025/texmf-dist/tex/latex/refcount/refcount.sty
Package: refcount 2019/12/15 v3.6 Data extraction from label references (HO)
)
(c:/texlive/2025/texmf-dist/tex/generic/gettitlestring/gettitlestring.sty
Package: gettitlestring 2019/12/15 v1.6 Cleanup title references (HO)
)
\c@section@level=\count497
)
(c:/texlive/2025/texmf-dist/tex/generic/stringenc/stringenc.sty
Package: stringenc 2019/11/29 v1.12 Convert strings between diff. encodings (HO
)
)
\@linkdim=\dimen468
\Hy@linkcounter=\count498
\Hy@pagecounter=\count499

(c:/texlive/2025/texmf-dist/tex/latex/hyperref/pd1enc.def
File: pd1enc.def 2024-11-05 v7.01l Hyperref: PDFDocEncoding definition (HO)
)
(c:/texlive/2025/texmf-dist/tex/generic/intcalc/intcalc.sty
Package: intcalc 2019/12/15 v1.3 Expandable calculations with integers (HO)
)
\Hy@SavedSpaceFactor=\count500

(c:/texlive/2025/texmf-dist/tex/latex/hyperref/puenc.def
File: puenc.def 2024-11-05 v7.01l Hyperref: PDF Unicode definition (HO)
)
Package hyperref Info: Option `unicode' set `true' on input line 4040.
Package hyperref Info: Option `colorlinks' set `true' on input line 4040.
Package hyperref Info: Hyper figures OFF on input line 4157.
Package hyperref Info: Link nesting OFF on input line 4162.
Package hyperref Info: Hyper index ON on input line 4165.
Package hyperref Info: Plain pages OFF on input line 4172.
Package hyperref Info: Backreferencing OFF on input line 4177.
Package hyperref Info: Implicit mode ON; LaTeX internals redefined.
Package hyperref Info: Bookmarks ON on input line 4424.
\c@Hy@tempcnt=\count501

(c:/texlive/2025/texmf-dist/tex/latex/url/url.sty
\Urlmuskip=\muskip18
Package: url 2013/09/16  ver 3.4  Verb mode for urls, etc.
)
LaTeX Info: Redefining \url on input line 4763.
\XeTeXLinkMargin=\dimen469

(c:/texlive/2025/texmf-dist/tex/generic/bitset/bitset.sty
Package: bitset 2019/12/09 v1.3 Handle bit-vector datatype (HO)

(c:/texlive/2025/texmf-dist/tex/generic/bigintcalc/bigintcalc.sty
Package: bigintcalc 2019/12/15 v1.5 Expandable calculations on big integers (HO
)
))
\Fld@menulength=\count502
\Field@Width=\dimen470
\Fld@charsize=\dimen471
Package hyperref Info: Hyper figures OFF on input line 6042.
Package hyperref Info: Link nesting OFF on input line 6047.
Package hyperref Info: Hyper index ON on input line 6050.
Package hyperref Info: backreferencing OFF on input line 6057.
Package hyperref Info: Link coloring ON on input line 6060.
Package hyperref Info: Link coloring with OCG OFF on input line 6067.
Package hyperref Info: PDF/A mode OFF on input line 6072.

(c:/texlive/2025/texmf-dist/tex/latex/base/atbegshi-ltx.sty
Package: atbegshi-ltx 2021/01/10 v1.0c Emulation of the original atbegshi
package with kernel methods
)
\Hy@abspage=\count503
\c@Item=\count504
\c@Hfootnote=\count505
)
Package hyperref Info: Driver (autodetected): hxetex.

(c:/texlive/2025/texmf-dist/tex/latex/hyperref/hxetex.def
File: hxetex.def 2024-11-05 v7.01l Hyperref driver for XeTeX
\pdfm@box=\box265
\c@Hy@AnnotLevel=\count506
\HyField@AnnotCount=\count507
\Fld@listcount=\count508
\c@bookmark@seq@number=\count509

(c:/texlive/2025/texmf-dist/tex/latex/rerunfilecheck/rerunfilecheck.sty
Package: rerunfilecheck 2022-07-10 v1.10 Rerun checks for auxiliary files (HO)

(c:/texlive/2025/texmf-dist/tex/latex/base/atveryend-ltx.sty
Package: atveryend-ltx 2020/08/19 v1.0a Emulation of the original atveryend pac
kage
with kernel methods
)
(c:/texlive/2025/texmf-dist/tex/generic/uniquecounter/uniquecounter.sty
Package: uniquecounter 2019/12/15 v1.4 Provide unlimited unique counter (HO)
)
Package uniquecounter Info: New unique counter `rerunfilecheck' on input line 2
85.
)
\Hy@SectionHShift=\skip109
)
(./main.aux)
\openout1 = `main.aux'.

LaTeX Font Info:    Checking defaults for OML/ntxmi/m/it on input line 307.
LaTeX Font Info:    Trying to load font information for OML+ntxmi on input line
 307.
 (c:/texlive/2025/texmf-dist/tex/latex/newtx/omlntxmi.fd
File: omlntxmi.fd 2015/08/25 Fontinst v1.933 font definitions for OML/ntxmi.
)
LaTeX Font Info:    ... okay on input line 307.
LaTeX Font Info:    Checking defaults for OMS/cmsy/m/n on input line 307.
LaTeX Font Info:    ... okay on input line 307.
LaTeX Font Info:    Checking defaults for OT1/cmr/m/n on input line 307.
LaTeX Font Info:    ... okay on input line 307.
LaTeX Font Info:    Checking defaults for T1/cmr/m/n on input line 307.
LaTeX Font Info:    ... okay on input line 307.
LaTeX Font Info:    Checking defaults for TS1/cmr/m/n on input line 307.
LaTeX Font Info:    ... okay on input line 307.
LaTeX Font Info:    Checking defaults for TU/lmr/m/n on input line 307.
LaTeX Font Info:    ... okay on input line 307.
LaTeX Font Info:    Checking defaults for OMX/cmex/m/n on input line 307.
LaTeX Font Info:    ... okay on input line 307.
LaTeX Font Info:    Checking defaults for U/ntxexa/m/n on input line 307.
LaTeX Font Info:    Trying to load font information for U+ntxexa on input line 
307.

(c:/texlive/2025/texmf-dist/tex/latex/newtx/untxexa.fd
File: untxexa.fd 2012/04/16 Fontinst v1.933 font definitions for U/ntxexa.
)
LaTeX Font Info:    ... okay on input line 307.
LaTeX Font Info:    Checking defaults for LMS/ntxsy/m/n on input line 307.
LaTeX Font Info:    Trying to load font information for LMS+ntxsy on input line
 307.

(c:/texlive/2025/texmf-dist/tex/latex/newtx/lmsntxsy.fd
File: lmsntxsy.fd 2016/07/02 Fontinst v1.933 font definitions for LMS/ntxsy.
)
LaTeX Font Info:    ... okay on input line 307.
LaTeX Font Info:    Checking defaults for LMX/ntxexx/m/n on input line 307.
LaTeX Font Info:    Trying to load font information for LMX+ntxexx on input lin
e 307.

(c:/texlive/2025/texmf-dist/tex/latex/newtx/lmxntxexx.fd
File: lmxntxexx.fd 2016/07/03 Fontinst v1.933 font definitions for LMX/ntxexx.
)
LaTeX Font Info:    ... okay on input line 307.
LaTeX Font Info:    Checking defaults for PD1/pdf/m/n on input line 307.
LaTeX Font Info:    ... okay on input line 307.
LaTeX Font Info:    Checking defaults for PU/pdf/m/n on input line 307.
LaTeX Font Info:    ... okay on input line 307.
LaTeX Info: Command `\dddot' is already robust on input line 307.
LaTeX Info: Command `\ddddot' is already robust on input line 307.
\c@lstlisting=\count510

(c:/texlive/2025/texmf-dist/tex/latex/ninecolors/ninecolors.sty
Package: ninecolors 2022-02-13 v2022D Select colors with proper color contrast
)
Package caption Info: Begin \AtBeginDocument code.
Package caption Info: float package is loaded.
Package caption Info: hyperref package is loaded.
Package caption Info: End \AtBeginDocument code.

(c:/texlive/2025/texmf-dist/tex/latex/translations/translations-basic-dictionar
y-english.trsl
File: translations-basic-dictionary-english.trsl (english translation file `tra
nslations-basic-dictionary')
)
Package translations Info: loading dictionary `translations-basic-dictionary' f
or `english'. on input line 307.

*geometry* driver: auto-detecting
*geometry* detected driver: xetex
*geometry* verbose mode - [ preamble ] result:
* driver: xetex
* paper: a4paper
* layout: <same size as paper>
* layoutoffset:(h,v)=(0.0pt,0.0pt)
* modes: includehead includefoot 
* h-part:(L,W,R)=(90.19518pt, 417.11752pt, 90.19518pt)
* v-part:(T,H,B)=(42.67912pt, 730.09792pt, 72.2698pt)
* \paperwidth=597.50787pt
* \paperheight=845.04684pt
* \textwidth=417.11752pt
* \textheight=681.72835pt
* \oddsidemargin=17.92519pt
* \evensidemargin=17.92519pt
* \topmargin=-29.59087pt
* \headheight=22.76228pt
* \headsep=11.38092pt
* \topskip=12.0pt
* \footskip=14.22636pt
* \marginparwidth=0.0pt
* \marginparsep=0.0pt
* \columnsep=10.0pt
* \skip\footins=10.8pt plus 4.0pt minus 2.0pt
* \hoffset=0.0pt
* \voffset=0.0pt
* \mag=1000
* \@twocolumnfalse
* \@twosidefalse
* \@mparswitchfalse
* \@reversemarginfalse
* (1in=72.27pt=25.4mm, 1cm=28.453pt)

Package pgfplots notification 'compat/show suggested version=true': you might b
enefit from \pgfplotsset{compat=1.18} (current compat level: 1.17).

Package hyperref Info: Link coloring ON on input line 307.
(./main.out) (./main.out)
\@outlinefile=\write6
\openout6 = `main.out'.


Underfull \hbox (badness 10000) in paragraph at lines 325--325
[][][]\TU/TimesNewRoman(0)/m/n/12 https://github.com/qqspeed406/Solving-Differe
ntial-
 []

LaTeX Font Info:    Trying to load font information for OT1+TimesNewRoman(0) on
 input line 325.
LaTeX Font Info:    No file OT1TimesNewRoman(0).fd. on input line 325.
LaTeX Font Info:    Trying to load font information for OT1+lmr on input line 3
25.
(c:/texlive/2025/texmf-dist/tex/latex/lm/ot1lmr.fd
File: ot1lmr.fd 2015/05/01 v1.6.1 Font defs for Latin Modern
)

LaTeX Font Warning: Font shape `OT1/TimesNewRoman(0)/m/n' undefined
(Font)              using `OT1/lmr/m/n' instead on input line 325.

LaTeX Font Info:    Font shape `OML/ntxmi/m/it' will be
(Font)              scaled to size 12.0pt on input line 325.
LaTeX Font Info:    Font shape `OML/ntxmi/m/it' will be
(Font)              scaled to size 8.8pt on input line 325.
LaTeX Font Info:    Font shape `OML/ntxmi/m/it' will be
(Font)              scaled to size 6.6pt on input line 325.
LaTeX Font Info:    Font shape `LMS/ntxsy/m/n' will be
(Font)              scaled to size 12.0pt on input line 325.
LaTeX Font Info:    Font shape `LMS/ntxsy/m/n' will be
(Font)              scaled to size 8.8pt on input line 325.
LaTeX Font Info:    Font shape `LMS/ntxsy/m/n' will be
(Font)              scaled to size 6.6pt on input line 325.
LaTeX Font Info:    Font shape `LMX/ntxexx/m/n' will be
(Font)              scaled to size 12.0pt on input line 325.
LaTeX Font Info:    Font shape `LMX/ntxexx/m/n' will be
(Font)              scaled to size 8.8pt on input line 325.
LaTeX Font Info:    Font shape `LMX/ntxexx/m/n' will be
(Font)              scaled to size 6.6pt on input line 325.
LaTeX Font Info:    Trying to load font information for U+msa on input line 325
.
(c:/texlive/2025/texmf-dist/tex/latex/amsfonts/umsa.fd
File: umsa.fd 2013/01/14 v3.01 AMS symbols A
)
LaTeX Font Info:    Trying to load font information for U+msb on input line 325
.

(c:/texlive/2025/texmf-dist/tex/latex/amsfonts/umsb.fd
File: umsb.fd 2013/01/14 v3.01 AMS symbols B
)
LaTeX Font Info:    Trying to load font information for U+ntxmia on input line 
325.

(c:/texlive/2025/texmf-dist/tex/latex/newtx/untxmia.fd
File: untxmia.fd 2024/04/09 Fontinst v1.933 font definitions for U/ntxmia.
)
LaTeX Font Info:    Font shape `U/ntxmia/m/it' will be
(Font)              scaled to size 12.0pt on input line 325.
LaTeX Font Info:    Font shape `U/ntxmia/m/it' will be
(Font)              scaled to size 8.8pt on input line 325.
LaTeX Font Info:    Font shape `U/ntxmia/m/it' will be
(Font)              scaled to size 6.6pt on input line 325.
LaTeX Font Info:    Trying to load font information for U+ntxsym on input line 
325.

(c:/texlive/2025/texmf-dist/tex/latex/newtx/untxsym.fd
File: untxsym.fd 2023/08/16 Fontinst v1.933 font definitions for U/ntxsym.
)
LaTeX Font Info:    Font shape `U/ntxsym/m/n' will be
(Font)              scaled to size 12.0pt on input line 325.
LaTeX Font Info:    Font shape `U/ntxsym/m/n' will be
(Font)              scaled to size 8.8pt on input line 325.
LaTeX Font Info:    Font shape `U/ntxsym/m/n' will be
(Font)              scaled to size 6.6pt on input line 325.
LaTeX Font Info:    Trying to load font information for U+ntxsyc on input line 
325.

(c:/texlive/2025/texmf-dist/tex/latex/newtx/untxsyc.fd
File: untxsyc.fd 2012/04/12 Fontinst v1.933 font definitions for U/ntxsyc.
)
LaTeX Font Info:    Font shape `U/ntxsyc/m/n' will be
(Font)              scaled to size 12.0pt on input line 325.
LaTeX Font Info:    Font shape `U/ntxsyc/m/n' will be
(Font)              scaled to size 8.8pt on input line 325.
LaTeX Font Info:    Font shape `U/ntxsyc/m/n' will be
(Font)              scaled to size 6.6pt on input line 325.
LaTeX Font Info:    Font shape `U/ntxexa/m/n' will be
(Font)              scaled to size 12.0pt on input line 325.
LaTeX Font Info:    Font shape `U/ntxexa/m/n' will be
(Font)              scaled to size 8.8pt on input line 325.
LaTeX Font Info:    Font shape `U/ntxexa/m/n' will be
(Font)              scaled to size 6.6pt on input line 325.
LaTeX Font Info:    Trying to load font information for U+rsfs on input line 32
5.

(c:/texlive/2025/texmf-dist/tex/latex/jknapltx/ursfs.fd
File: ursfs.fd 1998/03/24 rsfs font definition file (jk)
)
Underfull \hbox (badness 10000) in paragraph at lines 329--329
[][][]\TU/TimesNewRoman(0)/m/n/12 https://gitee.com/wang_yan_autumn/kaoyan_math
_pdf-
 []



File: 1.jpg Graphic file (type bmp)
<1.jpg>
[1

]

Package fontspec Info: 
(fontspec)             Could not resolve font "SimHei/BI" (it probably doesn't
(fontspec)             exist).


Package fontspec Info: 
(fontspec)             Could not resolve font "SimHei/B" (it probably doesn't
(fontspec)             exist).


Package fontspec Info: 
(fontspec)             Could not resolve font "SimHei/I" (it probably doesn't
(fontspec)             exist).


Package fontspec Info: 
(fontspec)             Font family 'SimHei(0)' created for font 'SimHei' with
(fontspec)             options [Script={CJK}].
(fontspec)              
(fontspec)              This font family consists of the following NFSS
(fontspec)             series/shapes:
(fontspec)              
(fontspec)             - 'normal' (m/n) with NFSS spec.:
(fontspec)             <->"SimHei/OT:script=hani;language=dflt;"



LaTeX Font Warning: Font shape `TU/SimHei(0)/b/n' undefined
(Font)              using `TU/SimHei(0)/m/n' instead on input line 349.



File: 1.jpg Graphic file (type bmp)
<1.jpg>
[1

]

File: 1.jpg Graphic file (type bmp)
<1.jpg>
[1


]


Package fancyhdr Warning: \footskip is too small (14.22636pt): 
(fancyhdr)                Make it at least 14.46779pt, for example:
(fancyhdr)                \setlength{\footskip}{14.46779pt}.

File: 1.jpg Graphic file (type bmp)
<1.jpg>
[2]
Missing character: There is no 这 ("8FD9) in font rm-lmr12!
Missing character: There is no 里 ("91CC) in font rm-lmr12!



Package fancyhdr Warning: \footskip is too small (14.22636pt): 
(fancyhdr)                Make it at least 14.46779pt, for example:
(fancyhdr)                \setlength{\footskip}{14.46779pt}.

File: 1.jpg Graphic file (type bmp)
<1.jpg>
[3]
Missing character: There is no 这 ("8FD9) in font rm-lmr12!
Missing character: There is no 里 ("91CC) in font rm-lmr12!



Package fancyhdr Warning: \footskip is too small (14.22636pt): 
(fancyhdr)                Make it at least 14.46779pt, for example:
(fancyhdr)                \setlength{\footskip}{14.46779pt}.

File: 1.jpg Graphic file (type bmp)
<1.jpg>
[4]
Missing character: There is no 则 ("5219) in font rm-lmr12!
Missing character: There is no 这 ("8FD9) in font rm-lmr12!
Missing character: There is no 里 ("91CC) in font rm-lmr12!
Missing character: There is no 这 ("8FD9) in font rm-lmr12!
Missing character: There is no 里 ("91CC) in font rm-lmr12!



Package fancyhdr Warning: \footskip is too small (14.22636pt): 
(fancyhdr)                Make it at least 14.46779pt, for example:
(fancyhdr)                \setlength{\footskip}{14.46779pt}.

File: 1.jpg Graphic file (type bmp)
<1.jpg>
[5

]


Package fancyhdr Warning: \footskip is too small (14.22636pt): 
(fancyhdr)                Make it at least 14.46779pt, for example:
(fancyhdr)                \setlength{\footskip}{14.46779pt}.

File: 1.jpg Graphic file (type bmp)
<1.jpg>
[6

]

File: 1.jpg Graphic file (type bmp)
<1.jpg>
[1

]


Package fancyhdr Warning: \footskip is too small (14.22636pt): 
(fancyhdr)                Make it at least 14.46779pt, for example:
(fancyhdr)                \setlength{\footskip}{14.46779pt}.

File: 1.jpg Graphic file (type bmp)
<1.jpg>
[2]


Package fancyhdr Warning: \footskip is too small (14.22636pt): 
(fancyhdr)                Make it at least 14.46779pt, for example:
(fancyhdr)                \setlength{\footskip}{14.46779pt}.

File: 1.jpg Graphic file (type bmp)
<1.jpg>
[3]


Package fancyhdr Warning: \footskip is too small (14.22636pt): 
(fancyhdr)                Make it at least 14.46779pt, for example:
(fancyhdr)                \setlength{\footskip}{14.46779pt}.

File: 1.jpg Graphic file (type bmp)
<1.jpg>
[4] (./main.toc

File: 1.jpg Graphic file (type bmp)
<1.jpg>
[1


])
\tf@toc=\write7
\openout7 = `main.toc'.




Package fancyhdr Warning: \footskip is too small (14.22636pt): 
(fancyhdr)                Make it at least 14.46779pt, for example:
(fancyhdr)                \setlength{\footskip}{14.46779pt}.

File: 1.jpg Graphic file (type bmp)
<1.jpg>
[2] (./data/chap1.tex
Chapter 1.
LaTeX Font Info:    Calculating math sizes for size <14.8> on input line 62.
LaTeX Font Info:    Font shape `OML/ntxmi/m/it' will be
(Font)              scaled to size 14.8pt on input line 62.
LaTeX Font Info:    Font shape `OML/ntxmi/m/it' will be
(Font)              scaled to size 10.80392pt on input line 62.
LaTeX Font Info:    Font shape `OML/ntxmi/m/it' will be
(Font)              scaled to size 8.14005pt on input line 62.
LaTeX Font Info:    Font shape `LMS/ntxsy/m/n' will be
(Font)              scaled to size 14.8pt on input line 62.
LaTeX Font Info:    Font shape `LMS/ntxsy/m/n' will be
(Font)              scaled to size 10.80392pt on input line 62.
LaTeX Font Info:    Font shape `LMS/ntxsy/m/n' will be
(Font)              scaled to size 8.14005pt on input line 62.
LaTeX Font Info:    Font shape `LMX/ntxexx/m/n' will be
(Font)              scaled to size 14.8pt on input line 62.
LaTeX Font Info:    Font shape `LMX/ntxexx/m/n' will be
(Font)              scaled to size 10.80392pt on input line 62.
LaTeX Font Info:    Font shape `LMX/ntxexx/m/n' will be
(Font)              scaled to size 8.14005pt on input line 62.
LaTeX Font Info:    Font shape `U/ntxmia/m/it' will be
(Font)              scaled to size 14.8pt on input line 62.
LaTeX Font Info:    Font shape `U/ntxmia/m/it' will be
(Font)              scaled to size 10.80392pt on input line 62.
LaTeX Font Info:    Font shape `U/ntxmia/m/it' will be
(Font)              scaled to size 8.14005pt on input line 62.
LaTeX Font Info:    Font shape `U/ntxsym/m/n' will be
(Font)              scaled to size 14.8pt on input line 62.
LaTeX Font Info:    Font shape `U/ntxsym/m/n' will be
(Font)              scaled to size 10.80392pt on input line 62.
LaTeX Font Info:    Font shape `U/ntxsym/m/n' will be
(Font)              scaled to size 8.14005pt on input line 62.
LaTeX Font Info:    Font shape `U/ntxsyc/m/n' will be
(Font)              scaled to size 14.8pt on input line 62.
LaTeX Font Info:    Font shape `U/ntxsyc/m/n' will be
(Font)              scaled to size 10.80392pt on input line 62.
LaTeX Font Info:    Font shape `U/ntxsyc/m/n' will be
(Font)              scaled to size 8.14005pt on input line 62.
LaTeX Font Info:    Font shape `U/ntxexa/m/n' will be
(Font)              scaled to size 14.8pt on input line 62.
LaTeX Font Info:    Font shape `U/ntxexa/m/n' will be
(Font)              scaled to size 10.80392pt on input line 62.
LaTeX Font Info:    Font shape `U/ntxexa/m/n' will be
(Font)              scaled to size 8.14005pt on input line 62.

LaTeX Font Warning: Font shape `U/rsfs/m/n' in size <14.8> not available
(Font)              size <14.4> substituted on input line 62.



File: 1.jpg Graphic file (type bmp)
<1.jpg>
[1


]
Missing character: There is no 、 ("3001) in font rm-lmr12!



Package fancyhdr Warning: \footskip is too small (14.22636pt): 
(fancyhdr)                Make it at least 14.46779pt, for example:
(fancyhdr)                \setlength{\footskip}{14.46779pt}.

File: 1.jpg Graphic file (type bmp)
<1.jpg>
[2]
Missing character: There is no 则 ("5219) in font rm-lmr12!
Missing character: There is no 这 ("8FD9) in font rm-lmr12!
Missing character: There is no 里 ("91CC) in font rm-lmr12!



Package fancyhdr Warning: \footskip is too small (14.22636pt): 
(fancyhdr)                Make it at least 14.46779pt, for example:
(fancyhdr)                \setlength{\footskip}{14.46779pt}.

File: 1.jpg Graphic file (type bmp)
<1.jpg>
[3]) (./data/chap2.tex


Package fancyhdr Warning: \footskip is too small (14.22636pt): 
(fancyhdr)                Make it at least 14.46779pt, for example:
(fancyhdr)                \setlength{\footskip}{14.46779pt}.

File: 1.jpg Graphic file (type bmp)
<1.jpg>
[4

]
Chapter 2.
Missing character: There is no 即 ("5373) in font rm-lmr12!
Missing character: There is no 、 ("3001) in font rm-lmr12!
Missing character: There is no 、 ("3001) in font rm-lmr12!
Missing character: There is no 、 ("3001) in font rm-lmr12!
Missing character: There is no 、 ("3001) in font rm-lmr12!


File: 1.jpg Graphic file (type bmp)
<1.jpg>
[5

]
LaTeX Font Info:    Font shape `OML/ntxmi/m/it' will be
(Font)              scaled to size 17.28pt on input line 36.
LaTeX Font Info:    Font shape `OML/ntxmi/m/it' will be
(Font)              scaled to size 12.5pt on input line 36.
LaTeX Font Info:    Font shape `OML/ntxmi/m/it' will be
(Font)              scaled to size 9.4pt on input line 36.
LaTeX Font Info:    Font shape `LMS/ntxsy/m/n' will be
(Font)              scaled to size 17.28pt on input line 36.
LaTeX Font Info:    Font shape `LMS/ntxsy/m/n' will be
(Font)              scaled to size 12.5pt on input line 36.
LaTeX Font Info:    Font shape `LMS/ntxsy/m/n' will be
(Font)              scaled to size 9.4pt on input line 36.
LaTeX Font Info:    Font shape `LMX/ntxexx/m/n' will be
(Font)              scaled to size 17.28pt on input line 36.
LaTeX Font Info:    Font shape `LMX/ntxexx/m/n' will be
(Font)              scaled to size 12.5pt on input line 36.
LaTeX Font Info:    Font shape `LMX/ntxexx/m/n' will be
(Font)              scaled to size 9.4pt on input line 36.
LaTeX Font Info:    Font shape `U/ntxmia/m/it' will be
(Font)              scaled to size 17.28pt on input line 36.
LaTeX Font Info:    Font shape `U/ntxmia/m/it' will be
(Font)              scaled to size 12.5pt on input line 36.
LaTeX Font Info:    Font shape `U/ntxmia/m/it' will be
(Font)              scaled to size 9.4pt on input line 36.
LaTeX Font Info:    Font shape `U/ntxsym/m/n' will be
(Font)              scaled to size 17.28pt on input line 36.
LaTeX Font Info:    Font shape `U/ntxsym/m/n' will be
(Font)              scaled to size 12.5pt on input line 36.
LaTeX Font Info:    Font shape `U/ntxsym/m/n' will be
(Font)              scaled to size 9.4pt on input line 36.
LaTeX Font Info:    Font shape `U/ntxsyc/m/n' will be
(Font)              scaled to size 17.28pt on input line 36.
LaTeX Font Info:    Font shape `U/ntxsyc/m/n' will be
(Font)              scaled to size 12.5pt on input line 36.
LaTeX Font Info:    Font shape `U/ntxsyc/m/n' will be
(Font)              scaled to size 9.4pt on input line 36.
LaTeX Font Info:    Font shape `U/ntxexa/m/n' will be
(Font)              scaled to size 17.28pt on input line 36.
LaTeX Font Info:    Font shape `U/ntxexa/m/n' will be
(Font)              scaled to size 12.5pt on input line 36.
LaTeX Font Info:    Font shape `U/ntxexa/m/n' will be
(Font)              scaled to size 9.4pt on input line 36.


LaTeX Font Warning: Font shape `U/rsfs/m/n' in size <12.5> not available
(Font)              size <12> substituted on input line 36.


Package hyperref Warning: Token not allowed in a PDF string (Unicode):
(hyperref)                removing `math shift' on input line 36.


Package hyperref Warning: Token not allowed in a PDF string (Unicode):
(hyperref)                removing `superscript' on input line 36.


Package hyperref Warning: Token not allowed in a PDF string (Unicode):
(hyperref)                removing `math shift' on input line 36.

LaTeX Font Info:    Font shape `OML/ntxmi/m/it' will be
(Font)              scaled to size 14.4pt on input line 55.
LaTeX Font Info:    Font shape `OML/ntxmi/m/it' will be
(Font)              scaled to size 10.5pt on input line 55.
LaTeX Font Info:    Font shape `OML/ntxmi/m/it' will be
(Font)              scaled to size 7.9pt on input line 55.
LaTeX Font Info:    Font shape `LMS/ntxsy/m/n' will be
(Font)              scaled to size 14.4pt on input line 55.
LaTeX Font Info:    Font shape `LMS/ntxsy/m/n' will be
(Font)              scaled to size 10.5pt on input line 55.
LaTeX Font Info:    Font shape `LMS/ntxsy/m/n' will be
(Font)              scaled to size 7.9pt on input line 55.
LaTeX Font Info:    Font shape `LMX/ntxexx/m/n' will be
(Font)              scaled to size 14.4pt on input line 55.
LaTeX Font Info:    Font shape `LMX/ntxexx/m/n' will be
(Font)              scaled to size 10.5pt on input line 55.
LaTeX Font Info:    Font shape `LMX/ntxexx/m/n' will be
(Font)              scaled to size 7.9pt on input line 55.
LaTeX Font Info:    Font shape `U/ntxmia/m/it' will be
(Font)              scaled to size 14.4pt on input line 55.
LaTeX Font Info:    Font shape `U/ntxmia/m/it' will be
(Font)              scaled to size 10.5pt on input line 55.
LaTeX Font Info:    Font shape `U/ntxmia/m/it' will be
(Font)              scaled to size 7.9pt on input line 55.
LaTeX Font Info:    Font shape `U/ntxsym/m/n' will be
(Font)              scaled to size 14.4pt on input line 55.
LaTeX Font Info:    Font shape `U/ntxsym/m/n' will be
(Font)              scaled to size 10.5pt on input line 55.
LaTeX Font Info:    Font shape `U/ntxsym/m/n' will be
(Font)              scaled to size 7.9pt on input line 55.
LaTeX Font Info:    Font shape `U/ntxsyc/m/n' will be
(Font)              scaled to size 14.4pt on input line 55.
LaTeX Font Info:    Font shape `U/ntxsyc/m/n' will be
(Font)              scaled to size 10.5pt on input line 55.
LaTeX Font Info:    Font shape `U/ntxsyc/m/n' will be
(Font)              scaled to size 7.9pt on input line 55.
LaTeX Font Info:    Font shape `U/ntxexa/m/n' will be
(Font)              scaled to size 14.4pt on input line 55.
LaTeX Font Info:    Font shape `U/ntxexa/m/n' will be
(Font)              scaled to size 10.5pt on input line 55.
LaTeX Font Info:    Font shape `U/ntxexa/m/n' will be
(Font)              scaled to size 7.9pt on input line 55.

LaTeX Font Warning: Font shape `U/rsfs/m/n' in size <10.5> not available
(Font)              size <10.95> substituted on input line 55.




Package fancyhdr Warning: \footskip is too small (14.22636pt): 
(fancyhdr)                Make it at least 14.46779pt, for example:
(fancyhdr)                \setlength{\footskip}{14.46779pt}.

File: 1.jpg Graphic file (type bmp)
<1.jpg>
[6]
Missing character: There is no 其 ("5176) in font rm-lmr12!
Missing character: There is no 他 ("4ED6) in font rm-lmr12!



Package fancyhdr Warning: \footskip is too small (14.22636pt): 
(fancyhdr)                Make it at least 14.46779pt, for example:
(fancyhdr)                \setlength{\footskip}{14.46779pt}.

File: 1.jpg Graphic file (type bmp)
<1.jpg>
[7

]) (./data/chap3.tex


Package fancyhdr Warning: \footskip is too small (14.22636pt): 
(fancyhdr)                Make it at least 14.46779pt, for example:
(fancyhdr)                \setlength{\footskip}{14.46779pt}.

File: 1.jpg Graphic file (type bmp)
<1.jpg>
[8]
Chapter 3.
Missing character: There is no 、 ("3001) in font rm-lmr12!
Missing character: There is no 、 ("3001) in font rm-lmr12!


File: 1.jpg Graphic file (type bmp)
<1.jpg>
[9

]


Package fancyhdr Warning: \footskip is too small (14.22636pt): 
(fancyhdr)                Make it at least 14.46779pt, for example:
(fancyhdr)                \setlength{\footskip}{14.46779pt}.

File: 1.jpg Graphic file (type bmp)
<1.jpg>
[10

]
Missing character: There is no 中 ("4E2D) in font rm-lmr12!
Missing character: There is no 的 ("7684) in font rm-lmr12!
Missing character: There is no 最 ("6700) in font rm-lmr12!
Missing character: There is no 高 ("9AD8) in font rm-lmr12!
Missing character: There is no 次 ("6B21) in font rm-lmr12!
Missing character: There is no 项 ("9879) in font rm-lmr12!
Missing character: There is no 中 ("4E2D) in font rm-lmr12!
Missing character: There is no 的 ("7684) in font rm-lmr12!
Missing character: There is no 最 ("6700) in font rm-lmr12!
Missing character: There is no 高 ("9AD8) in font rm-lmr12!
Missing character: There is no 次 ("6B21) in font rm-lmr12!
Missing character: There is no 项 ("9879) in font rm-lmr12!
Missing character: There is no 老 ("8001) in font rm-lmr12!
Missing character: There is no 大 ("5927) in font rm-lmr12!
Missing character: There is no ： ("FF1A) in font rm-lmr12!
Missing character: There is no 试 ("8BD5) in font rm-lmr12!
Missing character: There is no 确 ("786E) in font rm-lmr12!
Missing character: There is no 定 ("5B9A) in font rm-lmr12!
Missing character: There is no 常 ("5E38) in font rm-lmr12!
Missing character: There is no 数 ("6570) in font rm-lmr12!



Package fancyhdr Warning: \footskip is too small (14.22636pt): 
(fancyhdr)                Make it at least 14.46779pt, for example:
(fancyhdr)                \setlength{\footskip}{14.46779pt}.

File: 1.jpg Graphic file (type bmp)
<1.jpg>
[11]

Package hyperref Warning: Token not allowed in a PDF string (Unicode):
(hyperref)                removing `math shift' on input line 178.


Package hyperref Warning: Token not allowed in a PDF string (Unicode):
(hyperref)                removing `math shift' on input line 178.


Package hyperref Warning: Token not allowed in a PDF string (Unicode):
(hyperref)                removing `math shift' on input line 178.


Package hyperref Warning: Token not allowed in a PDF string (Unicode):
(hyperref)                removing `math shift' on input line 178.


Package hyperref Warning: Token not allowed in a PDF string (Unicode):
(hyperref)                removing `math shift' on input line 178.


Package hyperref Warning: Token not allowed in a PDF string (Unicode):
(hyperref)                removing `\displaystyle' on input line 178.


Package hyperref Warning: Token not allowed in a PDF string (Unicode):
(hyperref)                removing `\begingroup' on input line 178.


Package hyperref Warning: Token not allowed in a PDF string (Unicode):
(hyperref)                removing `\endgroup' on input line 178.


Package hyperref Warning: Token not allowed in a PDF string (Unicode):
(hyperref)                removing `\@@over' on input line 178.


Package hyperref Warning: Token not allowed in a PDF string (Unicode):
(hyperref)                removing `\cdot' on input line 178.


Package hyperref Warning: Token not allowed in a PDF string (Unicode):
(hyperref)                removing `math shift' on input line 178.


Package hyperref Warning: Token not allowed in a PDF string (Unicode):
(hyperref)                removing `math shift' on input line 184.


Package hyperref Warning: Token not allowed in a PDF string (Unicode):
(hyperref)                removing `math shift' on input line 184.


Package hyperref Warning: Token not allowed in a PDF string (Unicode):
(hyperref)                removing `math shift' on input line 184.


Package hyperref Warning: Token not allowed in a PDF string (Unicode):
(hyperref)                removing `math shift' on input line 184.


Package hyperref Warning: Token not allowed in a PDF string (Unicode):
(hyperref)                removing `math shift' on input line 184.


Package hyperref Warning: Token not allowed in a PDF string (Unicode):
(hyperref)                removing `\displaystyle' on input line 184.


Package hyperref Warning: Token not allowed in a PDF string (Unicode):
(hyperref)                removing `\begingroup' on input line 184.


Package hyperref Warning: Token not allowed in a PDF string (Unicode):
(hyperref)                removing `\endgroup' on input line 184.


Package hyperref Warning: Token not allowed in a PDF string (Unicode):
(hyperref)                removing `\@@over' on input line 184.


Package hyperref Warning: Token not allowed in a PDF string (Unicode):
(hyperref)                removing `\cdot' on input line 184.


Package hyperref Warning: Token not allowed in a PDF string (Unicode):
(hyperref)                removing `superscript' on input line 184.


Package hyperref Warning: Token not allowed in a PDF string (Unicode):
(hyperref)                removing `math shift' on input line 184.




Package fancyhdr Warning: \footskip is too small (14.22636pt): 
(fancyhdr)                Make it at least 14.46779pt, for example:
(fancyhdr)                \setlength{\footskip}{14.46779pt}.

File: 1.jpg Graphic file (type bmp)
<1.jpg>
[12]

Package hyperref Warning: Token not allowed in a PDF string (Unicode):
(hyperref)                removing `math shift' on input line 232.


Package hyperref Warning: Token not allowed in a PDF string (Unicode):
(hyperref)                removing `math shift' on input line 232.


Package hyperref Warning: Token not allowed in a PDF string (Unicode):
(hyperref)                removing `math shift' on input line 232.


Package hyperref Warning: Token not allowed in a PDF string (Unicode):
(hyperref)                removing `math shift' on input line 232.


Package hyperref Warning: Token not allowed in a PDF string (Unicode):
(hyperref)                removing `math shift' on input line 232.


Package hyperref Warning: Token not allowed in a PDF string (Unicode):
(hyperref)                removing `\Delta' on input line 232.


Package hyperref Warning: Token not allowed in a PDF string (Unicode):
(hyperref)                removing `math shift' on input line 232.


Package hyperref Warning: Token not allowed in a PDF string (Unicode):
(hyperref)                removing `math shift' on input line 232.


Package hyperref Warning: Token not allowed in a PDF string (Unicode):
(hyperref)                removing `\displaystyle' on input line 232.


Package hyperref Warning: Token not allowed in a PDF string (Unicode):
(hyperref)                removing `\begingroup' on input line 232.


Package hyperref Warning: Token not allowed in a PDF string (Unicode):
(hyperref)                removing `\endgroup' on input line 232.


Package hyperref Warning: Token not allowed in a PDF string (Unicode):
(hyperref)                removing `\@@over' on input line 232.


Package hyperref Warning: Token not allowed in a PDF string (Unicode):
(hyperref)                removing `\cdot' on input line 232.


Package hyperref Warning: Token not allowed in a PDF string (Unicode):
(hyperref)                removing `math shift' on input line 232.




Package fancyhdr Warning: \footskip is too small (14.22636pt): 
(fancyhdr)                Make it at least 14.46779pt, for example:
(fancyhdr)                \setlength{\footskip}{14.46779pt}.

File: 1.jpg Graphic file (type bmp)
<1.jpg>
[13

]
Missing character: There is no 过 ("8FC7) in font rm-lmr12!
Missing character: There is no 程 ("7A0B) in font rm-lmr12!
Missing character: There is no 略 ("7565) in font rm-lmr12!

Package hyperref Warning: Token not allowed in a PDF string (Unicode):
(hyperref)                removing `math shift' on input line 268.


Package hyperref Warning: Token not allowed in a PDF string (Unicode):
(hyperref)                removing `math shift' on input line 268.


Package hyperref Warning: Token not allowed in a PDF string (Unicode):
(hyperref)                removing `math shift' on input line 268.


Package hyperref Warning: Token not allowed in a PDF string (Unicode):
(hyperref)                removing `math shift' on input line 268.


Package hyperref Warning: Token not allowed in a PDF string (Unicode):
(hyperref)                removing `math shift' on input line 268.


Package hyperref Warning: Token not allowed in a PDF string (Unicode):
(hyperref)                removing `\Delta' on input line 268.


Package hyperref Warning: Token not allowed in a PDF string (Unicode):
(hyperref)                removing `math shift' on input line 268.


Package hyperref Warning: Token not allowed in a PDF string (Unicode):
(hyperref)                removing `math shift' on input line 268.


Package hyperref Warning: Token not allowed in a PDF string (Unicode):
(hyperref)                removing `\displaystyle' on input line 268.


Package hyperref Warning: Token not allowed in a PDF string (Unicode):
(hyperref)                removing `\begingroup' on input line 268.


Package hyperref Warning: Token not allowed in a PDF string (Unicode):
(hyperref)                removing `\endgroup' on input line 268.


Package hyperref Warning: Token not allowed in a PDF string (Unicode):
(hyperref)                removing `\@@over' on input line 268.


Package hyperref Warning: Token not allowed in a PDF string (Unicode):
(hyperref)                removing `superscript' on input line 268.


Package hyperref Warning: Token not allowed in a PDF string (Unicode):
(hyperref)                removing `\cdot' on input line 268.


Package hyperref Warning: Token not allowed in a PDF string (Unicode):
(hyperref)                removing `math shift' on input line 268.




Package fancyhdr Warning: \footskip is too small (14.22636pt): 
(fancyhdr)                Make it at least 14.46779pt, for example:
(fancyhdr)                \setlength{\footskip}{14.46779pt}.

File: 1.jpg Graphic file (type bmp)
<1.jpg>
[14

]) (./data/chap4.tex


Package fancyhdr Warning: \footskip is too small (14.22636pt): 
(fancyhdr)                Make it at least 14.46779pt, for example:
(fancyhdr)                \setlength{\footskip}{14.46779pt}.

File: 1.jpg Graphic file (type bmp)
<1.jpg>
[15

]
Chapter 4.
Missing character: There is no ， ("FF0C) in font rm-lmr12!
Missing character: There is no ， ("FF0C) in font rm-lmr12!
Missing character: There is no ， ("FF0C) in font rm-lmr12!
Missing character: There is no ， ("FF0C) in font rm-lmr12!
Missing character: There is no 取 ("53D6) in font rm-lmr12!
Missing character: There is no 逆 ("9006) in font rm-lmr12!
Missing character: There is no 变 ("53D8) in font rm-lmr12!
Missing character: There is no 换 ("6362) in font rm-lmr12!
Missing character: There is no ， ("FF0C) in font rm-lmr12!
Missing character: There is no ， ("FF0C) in font rm-lmr12!
Missing character: There is no ， ("FF0C) in font rm-lmr12!
Missing character: There is no ， ("FF0C) in font rm-lmr12!
Missing character: There is no ， ("FF0C) in font rm-lmr12!
Missing character: There is no ， ("FF0C) in font rm-lmr12!
Missing character: There is no 取 ("53D6) in font rm-lmr12!
Missing character: There is no 逆 ("9006) in font rm-lmr12!
Missing character: There is no 变 ("53D8) in font rm-lmr12!
Missing character: There is no 换 ("6362) in font rm-lmr12!
Missing character: There is no ， ("FF0C) in font rm-lmr12!
Missing character: There is no ， ("FF0C) in font rm-lmr12!


File: 1.jpg Graphic file (type bmp)
<1.jpg>
[16

]
Missing character: There is no ， ("FF0C) in font rm-lmr12!
Missing character: There is no 且 ("4E14) in font rm-lmr12!
Missing character: There is no 满 ("6EE1) in font rm-lmr12!
Missing character: There is no 足 ("8DB3) in font rm-lmr12!
Missing character: There is no ， ("FF0C) in font rm-lmr12!
Missing character: There is no 且 ("4E14) in font rm-lmr12!
Missing character: There is no 满 ("6EE1) in font rm-lmr12!
Missing character: There is no 足 ("8DB3) in font rm-lmr12!
Missing character: There is no ， ("FF0C) in font rm-lmr12!
Missing character: There is no ， ("FF0C) in font rm-lmr12!
Missing character: There is no ， ("FF0C) in font rm-lmr12!
Missing character: There is no ， ("FF0C) in font rm-lmr12!
Missing character: There is no ， ("FF0C) in font rm-lmr12!
Missing character: There is no ， ("FF0C) in font rm-lmr12!



Package fancyhdr Warning: \footskip is too small (14.22636pt): 
(fancyhdr)                Make it at least 14.46779pt, for example:
(fancyhdr)                \setlength{\footskip}{14.46779pt}.

File: 1.jpg Graphic file (type bmp)
<1.jpg>
[17

]
Missing character: There is no ， ("FF0C) in font rm-lmr12!
Missing character: There is no ， ("FF0C) in font rm-lmr12!
Missing character: There is no 的 ("7684) in font rm-lmr12!
Missing character: There is no 表 ("8868) in font rm-lmr12!
Missing character: There is no 达 ("8FBE) in font rm-lmr12!
Missing character: There is no 式 ("5F0F) in font rm-lmr12!
Missing character: There is no ， ("FF0C) in font rm-lmr12!
Missing character: There is no 取 ("53D6) in font rm-lmr12!
Missing character: There is no 拉 ("62C9) in font rm-lmr12!
Missing character: There is no 氏 ("6C0F) in font rm-lmr12!
Missing character: There is no 变 ("53D8) in font rm-lmr12!
Missing character: There is no 换 ("6362) in font rm-lmr12!
Missing character: There is no 的 ("7684) in font rm-lmr12!
Missing character: There is no 表 ("8868) in font rm-lmr12!
Missing character: There is no 达 ("8FBE) in font rm-lmr12!
Missing character: There is no 式 ("5F0F) in font rm-lmr12!
Missing character: There is no ， ("FF0C) in font rm-lmr12!
Missing character: There is no 取 ("53D6) in font rm-lmr12!
Missing character: There is no 拉 ("62C9) in font rm-lmr12!
Missing character: There is no 氏 ("6C0F) in font rm-lmr12!
Missing character: There is no 变 ("53D8) in font rm-lmr12!
Missing character: There is no 换 ("6362) in font rm-lmr12!
Missing character: There is no ， ("FF0C) in font rm-lmr12!
Missing character: There is no ， ("FF0C) in font rm-lmr12!
Missing character: There is no ， ("FF0C) in font rm-lmr12!
Missing character: There is no ， ("FF0C) in font rm-lmr12!

Overfull \hbox (4.48854pt too wide) detected at line 120
[]
 []




Package fancyhdr Warning: \footskip is too small (14.22636pt): 
(fancyhdr)                Make it at least 14.46779pt, for example:
(fancyhdr)                \setlength{\footskip}{14.46779pt}.

File: 1.jpg Graphic file (type bmp)
<1.jpg>
[18

]
Missing character: There is no ， ("FF0C) in font rm-lmr12!
Missing character: There is no ， ("FF0C) in font rm-lmr12!



Package fancyhdr Warning: \footskip is too small (14.22636pt): 
(fancyhdr)                Make it at least 14.46779pt, for example:
(fancyhdr)                \setlength{\footskip}{14.46779pt}.

File: 1.jpg Graphic file (type bmp)
<1.jpg>
[19

]
Missing character: There is no ， ("FF0C) in font rm-lmr12!
Missing character: There is no ， ("FF0C) in font rm-lmr12!
Missing character: There is no ， ("FF0C) in font rm-lmr12!
Missing character: There is no ， ("FF0C) in font rm-lmr12!
Missing character: There is no ， ("FF0C) in font rm-lmr12!
Missing character: There is no ， ("FF0C) in font rm-lmr12!
Missing character: There is no ， ("FF0C) in font rm-lmr12!
Missing character: There is no ， ("FF0C) in font rm-lmr12!
Missing character: There is no ， ("FF0C) in font rm-lmr12!
Missing character: There is no ， ("FF0C) in font rm-lmr12!
Missing character: There is no ， ("FF0C) in font rm-lmr12!
Missing character: There is no ， ("FF0C) in font rm-lmr12!



Package fancyhdr Warning: \footskip is too small (14.22636pt): 
(fancyhdr)                Make it at least 14.46779pt, for example:
(fancyhdr)                \setlength{\footskip}{14.46779pt}.

File: 1.jpg Graphic file (type bmp)
<1.jpg>
[20

]
Missing character: There is no ， ("FF0C) in font rm-lmr12!
Missing character: There is no ， ("FF0C) in font rm-lmr12!
Missing character: There is no ， ("FF0C) in font rm-lmr12!
Missing character: There is no ， ("FF0C) in font rm-lmr12!
Missing character: There is no ， ("FF0C) in font rm-lmr12!
Missing character: There is no ， ("FF0C) in font rm-lmr12!
Missing character: There is no ， ("FF0C) in font rm-lmr12!
Missing character: There is no ， ("FF0C) in font rm-lmr12!
Missing character: There is no ， ("FF0C) in font rm-lmr12!
Missing character: There is no ， ("FF0C) in font rm-lmr12!
Missing character: There is no ， ("FF0C) in font rm-lmr12!



Package fancyhdr Warning: \footskip is too small (14.22636pt): 
(fancyhdr)                Make it at least 14.46779pt, for example:
(fancyhdr)                \setlength{\footskip}{14.46779pt}.

File: 1.jpg Graphic file (type bmp)
<1.jpg>
[21

]
Missing character: There is no ， ("FF0C) in font rm-lmr12!
Missing character: There is no ， ("FF0C) in font rm-lmr12!
Missing character: There is no ， ("FF0C) in font rm-lmr12!
Missing character: There is no ， ("FF0C) in font rm-lmr12!
Missing character: There is no ， ("FF0C) in font rm-lmr12!
Missing character: There is no ， ("FF0C) in font rm-lmr12!
Missing character: There is no ， ("FF0C) in font rm-lmr12!
) (./data/chap5.tex


Package fancyhdr Warning: \footskip is too small (14.22636pt): 
(fancyhdr)                Make it at least 14.46779pt, for example:
(fancyhdr)                \setlength{\footskip}{14.46779pt}.

File: 1.jpg Graphic file (type bmp)
<1.jpg>
[22]
Chapter 5.
Missing character: There is no ， ("FF0C) in font rm-lmr12!
Missing character: There is no ， ("FF0C) in font rm-lmr12!
Missing character: There is no ， ("FF0C) in font rm-lmr12!
Missing character: There is no ， ("FF0C) in font rm-lmr12!
Missing character: There is no ， ("FF0C) in font rm-lmr12!
Missing character: There is no ， ("FF0C) in font rm-lmr12!


File: 1.jpg Graphic file (type bmp)
<1.jpg>
[23

]
Missing character: There is no ， ("FF0C) in font rm-lmr12!
Missing character: There is no ， ("FF0C) in font rm-lmr12!
Missing character: There is no ， ("FF0C) in font rm-lmr12!
Missing character: There is no ， ("FF0C) in font rm-lmr12!
Missing character: There is no ， ("FF0C) in font rm-lmr12!
Missing character: There is no 洛 ("6D1B) in font rm-lmr9!
Missing character: There is no 必 ("5FC5) in font rm-lmr9!
Missing character: There is no 达 ("8FBE) in font rm-lmr9!
Missing character: There is no 洛 ("6D1B) in font rm-lmr9!
Missing character: There is no 必 ("5FC5) in font rm-lmr9!
Missing character: There is no 达 ("8FBE) in font rm-lmr9!
Missing character: There is no ， ("FF0C) in font rm-lmr12!
Missing character: There is no ， ("FF0C) in font rm-lmr12!
Missing character: There is no 洛 ("6D1B) in font rm-lmr9!
Missing character: There is no 必 ("5FC5) in font rm-lmr9!
Missing character: There is no 达 ("8FBE) in font rm-lmr9!
Missing character: There is no 洛 ("6D1B) in font rm-lmr9!
Missing character: There is no 必 ("5FC5) in font rm-lmr9!
Missing character: There is no 达 ("8FBE) in font rm-lmr9!



Package fancyhdr Warning: \footskip is too small (14.22636pt): 
(fancyhdr)                Make it at least 14.46779pt, for example:
(fancyhdr)                \setlength{\footskip}{14.46779pt}.

File: 1.jpg Graphic file (type bmp)
<1.jpg>
[24

]
Missing character: There is no ， ("FF0C) in font rm-lmr12!
Missing character: There is no ， ("FF0C) in font rm-lmr12!



Package fancyhdr Warning: \footskip is too small (14.22636pt): 
(fancyhdr)                Make it at least 14.46779pt, for example:
(fancyhdr)                \setlength{\footskip}{14.46779pt}.

File: 1.jpg Graphic file (type bmp)
<1.jpg>
[25

]) (./data/chap6.tex


Package fancyhdr Warning: \footskip is too small (14.22636pt): 
(fancyhdr)                Make it at least 14.46779pt, for example:
(fancyhdr)                \setlength{\footskip}{14.46779pt}.

File: 1.jpg Graphic file (type bmp)
<1.jpg>
[26

]
Chapter 6.
Missing character: There is no ， ("FF0C) in font rm-lmr12!
Missing character: There is no ， ("FF0C) in font rm-lmr12!
Missing character: There is no ， ("FF0C) in font rm-lmr12!
Missing character: There is no ， ("FF0C) in font rm-lmr12!
Missing character: There is no ， ("FF0C) in font rm-lmr12!
Missing character: There is no 是 ("662F) in font rm-lmr12!
Missing character: There is no 上 ("4E0A) in font rm-lmr12!
Missing character: There is no 的 ("7684) in font rm-lmr12!
Missing character: There is no 连 ("8FDE) in font rm-lmr12!
Missing character: There is no 续 ("7EED) in font rm-lmr12!
Missing character: There is no 函 ("51FD) in font rm-lmr12!
Missing character: There is no 数 ("6570) in font rm-lmr12!


File: 1.jpg Graphic file (type bmp)
<1.jpg>
[27

]
Missing character: There is no ， ("FF0C) in font rm-lmr12!
Missing character: There is no 取 ("53D6) in font rm-lmr12!
Missing character: There is no 此 ("6B64) in font rm-lmr12!
Missing character: There is no 值 ("503C) in font rm-lmr12!
Missing character: There is no 时 ("65F6) in font rm-lmr12!
Missing character: There is no ， ("FF0C) in font rm-lmr12!
Missing character: There is no 符 ("7B26) in font rm-lmr12!
Missing character: There is no 合 ("5408) in font rm-lmr12!
Missing character: There is no 题 ("9898) in font rm-lmr12!
Missing character: There is no 意 ("610F) in font rm-lmr12!
Missing character: There is no 取 ("53D6) in font rm-lmr12!
Missing character: There is no 此 ("6B64) in font rm-lmr12!
Missing character: There is no 值 ("503C) in font rm-lmr12!
Missing character: There is no 时 ("65F6) in font rm-lmr12!
Missing character: There is no ， ("FF0C) in font rm-lmr12!
Missing character: There is no 符 ("7B26) in font rm-lmr12!
Missing character: There is no 合 ("5408) in font rm-lmr12!
Missing character: There is no 题 ("9898) in font rm-lmr12!
Missing character: There is no 意 ("610F) in font rm-lmr12!
Missing character: There is no 取 ("53D6) in font rm-lmr9!
Missing character: There is no 此 ("6B64) in font rm-lmr9!
Missing character: There is no 值 ("503C) in font rm-lmr9!
Missing character: There is no 时 ("65F6) in font rm-lmr9!
Missing character: There is no ， ("FF0C) in font rm-lmr9!
Missing character: There is no 符 ("7B26) in font rm-lmr9!
Missing character: There is no 合 ("5408) in font rm-lmr9!
Missing character: There is no 题 ("9898) in font rm-lmr9!
Missing character: There is no 意 ("610F) in font rm-lmr9!
Missing character: There is no 取 ("53D6) in font rm-lmr7!
Missing character: There is no 此 ("6B64) in font rm-lmr7!
Missing character: There is no 值 ("503C) in font rm-lmr7!
Missing character: There is no 时 ("65F6) in font rm-lmr7!
Missing character: There is no ， ("FF0C) in font rm-lmr7!
Missing character: There is no 符 ("7B26) in font rm-lmr7!
Missing character: There is no 合 ("5408) in font rm-lmr7!
Missing character: There is no 题 ("9898) in font rm-lmr7!
Missing character: There is no 意 ("610F) in font rm-lmr7!
Missing character: There is no ， ("FF0C) in font rm-lmr12!
Missing character: There is no ， ("FF0C) in font rm-lmr12!
Missing character: There is no 取 ("53D6) in font rm-lmr12!
Missing character: There is no 此 ("6B64) in font rm-lmr12!
Missing character: There is no 值 ("503C) in font rm-lmr12!
Missing character: There is no 时 ("65F6) in font rm-lmr12!
Missing character: There is no ， ("FF0C) in font rm-lmr12!
Missing character: There is no 符 ("7B26) in font rm-lmr12!
Missing character: There is no 合 ("5408) in font rm-lmr12!
Missing character: There is no 题 ("9898) in font rm-lmr12!
Missing character: There is no 意 ("610F) in font rm-lmr12!
Missing character: There is no 取 ("53D6) in font rm-lmr12!
Missing character: There is no 此 ("6B64) in font rm-lmr12!
Missing character: There is no 值 ("503C) in font rm-lmr12!
Missing character: There is no 时 ("65F6) in font rm-lmr12!
Missing character: There is no ， ("FF0C) in font rm-lmr12!
Missing character: There is no 符 ("7B26) in font rm-lmr12!
Missing character: There is no 合 ("5408) in font rm-lmr12!
Missing character: There is no 题 ("9898) in font rm-lmr12!
Missing character: There is no 意 ("610F) in font rm-lmr12!
Missing character: There is no 取 ("53D6) in font rm-lmr9!
Missing character: There is no 此 ("6B64) in font rm-lmr9!
Missing character: There is no 值 ("503C) in font rm-lmr9!
Missing character: There is no 时 ("65F6) in font rm-lmr9!
Missing character: There is no ， ("FF0C) in font rm-lmr9!
Missing character: There is no 符 ("7B26) in font rm-lmr9!
Missing character: There is no 合 ("5408) in font rm-lmr9!
Missing character: There is no 题 ("9898) in font rm-lmr9!
Missing character: There is no 意 ("610F) in font rm-lmr9!
Missing character: There is no 取 ("53D6) in font rm-lmr7!
Missing character: There is no 此 ("6B64) in font rm-lmr7!
Missing character: There is no 值 ("503C) in font rm-lmr7!
Missing character: There is no 时 ("65F6) in font rm-lmr7!
Missing character: There is no ， ("FF0C) in font rm-lmr7!
Missing character: There is no 符 ("7B26) in font rm-lmr7!
Missing character: There is no 合 ("5408) in font rm-lmr7!
Missing character: There is no 题 ("9898) in font rm-lmr7!
Missing character: There is no 意 ("610F) in font rm-lmr7!
Missing character: There is no ， ("FF0C) in font rm-lmr12!
)


Package fancyhdr Warning: \footskip is too small (14.22636pt): 
(fancyhdr)                Make it at least 14.46779pt, for example:
(fancyhdr)                \setlength{\footskip}{14.46779pt}.

File: 1.jpg Graphic file (type bmp)
<1.jpg>
[28

]

File: 1.jpg Graphic file (type bmp)
<1.jpg>
[29


] (./main.aux)
 ***********
LaTeX2e <2024-11-01> patch level 2
L3 programming layer <2022/08/05>
 ***********


LaTeX Font Warning: Size substitutions with differences
(Font)              up to 1.36998pt have occurred.


LaTeX Font Warning: Some font shapes were not available, defaults substituted.

Package rerunfilecheck Info: File `main.out' has not changed.
(rerunfilecheck)             Checksum: FE0B784737FA8FC276BEF32CB64E5EAF;3729.
 ) 
Here is how much of TeX's memory you used:
 92624 strings out of 473832
 2402448 string characters out of 5733157
 3435102 words of memory out of 5000000
 114455 multiletter control sequences out of 15000+600000
 668114 words of font info for 278 fonts, out of 8000000 for 9000
 1348 hyphenation exceptions out of 8191
 102i,31n,131p,1601b,2292s stack positions out of 10000i,1000n,20000p,200000b,200000s

Output written on main.pdf (43 pages).
