This is LuaHBTeX, Version 1.21.0 (TeX Live 2025)  (format=lualatex 2025.10.23)  2 JUN 2026 19:28
 restricted system commands enabled.
**chap3.tex
(./chap3.tex
LaTeX2e <2024-11-01> patch level 2
L3 programming layer <2025-01-18>
Lua module: luaotfload 2024-12-03 v3.29 Lua based OpenType font support
Lua module: lualibs 2023-07-13 v2.76 ConTeXt Lua standard libraries.
Lua module: lualibs-extended 2023-07-13 v2.76 ConTeXt Lua libraries -- extended 
collection.
luaotfload | conf : Root cache directory is "C:/Users/Administrator/.texlive2025
/texmf-var/luatex-cache/generic/names".
luaotfload | init : Loading fontloader "fontloader-2023-12-28.lua" from kpse-res
olved path "c:/texlive/2025/texmf-dist/tex/luatex/luaotfload/fontloader-2023-12-
28.lua".
Lua-only attribute luaotfload@noligature = 1
luaotfload | init : Context OpenType loader version 3.134
Inserting `luaotfload.node_processor' in `pre_linebreak_filter'.
Inserting `luaotfload.node_processor' in `hpack_filter'.
Inserting `luaotfload.glyph_stream' in `glyph_stream_provider'.
Inserting `luaotfload.define_font' in `define_font'.
Lua-only attribute luaotfload_color_attribute = 2
luaotfload | conf : Root cache directory is "C:/Users/Administrator/.texlive2025
/texmf-var/luatex-cache/generic/names".
Inserting `luaotfload.harf.strip_prefix' in `find_opentype_file'.
Inserting `luaotfload.harf.strip_prefix' in `find_truetype_file'.
Removing  `luaotfload.glyph_stream' from `glyph_stream_provider'.
Inserting `luaotfload.harf.glyphstream' in `glyph_stream_provider'.
Inserting `luaotfload.harf.finalize_vlist' in `post_linebreak_filter'.
Inserting `luaotfload.harf.finalize_hlist' in `hpack_filter'.
Inserting `luaotfload.cleanup_files' in `wrapup_run'.
Inserting `luaotfload.harf.finalize_unicode' in `finish_pdffile'.
Inserting `luaotfload.glyphinfo' in `glyph_info'.
Lua-only attribute luaotfload.letterspace_done = 3
Inserting `luaotfload.aux.set_sscale_dimens' in `luaotfload.patch_font'.
Inserting `luaotfload.aux.set_font_index' in `luaotfload.patch_font'.
Inserting `luaotfload.aux.patch_cambria_domh' in `luaotfload.patch_font'.
Inserting `luaotfload.aux.fixup_fontdata' in `luaotfload.patch_font_unsafe'.
Inserting `luaotfload.aux.set_capheight' in `luaotfload.patch_font'.
Inserting `luaotfload.aux.set_xheight' in `luaotfload.patch_font'.
Inserting `luaotfload.rewrite_fontname' in `luaotfload.patch_font'.
Inserting `tracingstacklevels' in `input_level_string'.
! Undefined control sequence.
l.3 \chapter
            {有理分式拆分}
The control sequence at the end of the top line
of your error message was never \def'ed. If you have
misspelled it (e.g., `\hobx'), type `I' and the correct
spelling (e.g., `I\hbox'). Otherwise just continue,
and I'll forget about whatever was undefined.


! LaTeX Error: Missing \begin{document}.

See the LaTeX manual or LaTeX Companion for explanation.
Type  H <return>  for immediate help.
 ...                                              
                                                  
l.3 \chapter{有
                理分式拆分}
You're in trouble here.  Try typing  <return>  to proceed.
If that doesn't work, type  X <return>  to quit.


Overfull \hbox (20.0pt too wide) in paragraph at lines 3--4
[]有理分式拆分 
 []


! LaTeX Error: Missing \begin{document}.

See the LaTeX manual or LaTeX Companion for explanation.
Type  H <return>  for immediate help.
 ...                                              
                                                  
l.5 这
       里有理分式拆分是拉式变换解微分方程(和积分方程的...

You're in trouble here.  Try typing  <return>  to proceed.
If that doesn't work, type  X <return>  to quit.


Overfull \hbox (20.0pt too wide) in paragraph at lines 5--6
[]这里有理分式拆分是拉式变换解微分方程(和积分方程的核
心步骤)。虽然用待定系数法也能够将各分式系数解出，但
不够快。 
 []


! LaTeX Error: Missing \begin{document}.

See the LaTeX manual or LaTeX Companion for explanation.
Type  H <return>  for immediate help.
 ...                                              
                                                  
l.7 \begin{center}
                  
You're in trouble here.  Try typing  <return>  to proceed.
If that doesn't work, type  X <return>  to quit.


Overfull \hbox (20.0pt too wide) in paragraph at lines 7--7
[] 
 []

LaTeX Font Info:    External font `cmex10' loaded for size
(Font)              <7> on input line 8.
LaTeX Font Info:    External font `cmex10' loaded for size
(Font)              <5> on input line 8.
! Undefined control sequence.
<recently read> \dfrac 
                       
l.8 ...分式常见形式：\hspace{1em}  $\dfrac
                                                  {f}{P\cdot Q}\:$
The control sequence at the end of the top line
of your error message was never \def'ed. If you have
misspelled it (e.g., `\hobx'), type `I' and the correct
spelling (e.g., `I\hbox'). Otherwise just continue,
and I'll forget about whatever was undefined.


Overfull \hbox (28.90897pt too wide) in paragraph at lines 8--9
 \OML/cmm/m/it/10 f[] $ 
 []

Missing character: There is no 、 (U+3001) in font cmr10!
Missing character: There is no 、 (U+3001) in font cmr10!

Overfull \hbox (50.6672pt too wide) in paragraph at lines 12--13
 []$\OML/cmm/m/it/10 fPQ$\nullfont 是关于$\OML/cmm/m/it/10 x$\nullfont 的
多项式函数，通常为$\OML/cmm/m/it/10 ax[] \OT1/cmr/m/n/10 + 
 []


Overfull \hbox (17.78473pt too wide) in paragraph at lines 12--13
 \OML/cmm/m/it/10 bx \OT1/cmr/m/n/10 + 
 []


Overfull \hbox (4.32756pt too wide) in paragraph at lines 12--13
 \OML/cmm/m/it/10 c$\nullfont 形式 
 []

! Undefined control sequence.
l.15 \section
             {留数法}
The control sequence at the end of the top line
of your error message was never \def'ed. If you have
misspelled it (e.g., `\hobx'), type `I' and the correct
spelling (e.g., `I\hbox'). Otherwise just continue,
and I'll forget about whatever was undefined.


Overfull \hbox (20.0pt too wide) in paragraph at lines 15--16
[]留数法 
 []

! Undefined control sequence.
<recently read> \dfrac 
                       
l.17 ...念} \hspace{0.5em} 若有真分式$\dfrac
                                                  {f}{P\cdot Q}\:\:$，$f$是...
The control sequence at the end of the top line
of your error message was never \def'ed. If you have
misspelled it (e.g., `\hobx'), type `I' and the correct
spelling (e.g., `I\hbox'). Otherwise just continue,
and I'll forget about whatever was undefined.


Overfull \hbox (26.79999pt too wide) in paragraph at lines 17--18
[][]
 []


Overfull \hbox (79.57617pt too wide) in paragraph at lines 17--18
若有真分式$\OML/cmm/m/it/10 f[]  $\nullfont ，$\OML/cmm/m/it/10 f$\nullfo
nt 是关于$\OML/cmm/m/it/10 x$\nullfont 的多项式函数，$\OML/cmm/m/it/1
0 P$\nullfont 、$\OML/cmm/m/it/10 Q$\nullfont 均为二次式$\OML/cmm/m/it/10
 ax[] \OT1/cmr/m/n/10 +
 []


Overfull \hbox (17.78473pt too wide) in paragraph at lines 17--18
\OML/cmm/m/it/10 bx \OT1/cmr/m/n/10 +
 []


Overfull \hbox (4.32756pt too wide) in paragraph at lines 17--18
\OML/cmm/m/it/10 c$
 []


Overfull \hbox (5.28589pt too wide) in paragraph at lines 17--18
($\OML/cmm/m/it/10 a$\nullfont 可为0) 
 []


Overfull \hbox (20.0pt too wide) in paragraph at lines 21--21
[] 
 []

! Undefined control sequence.
<recently read> \dfrac 
                       
l.22 	有 \hspace{2em} $\dfrac
                              {f}{P\cdot Q}=\dfrac{f_{1}}{P}+\dfrac{f_{2}}{Q...
The control sequence at the end of the top line
of your error message was never \def'ed. If you have
misspelled it (e.g., `\hobx'), type `I' and the correct
spelling (e.g., `I\hbox'). Otherwise just continue,
and I'll forget about whatever was undefined.

! Undefined control sequence.
l.22 	有 \hspace{2em} $\dfrac{f}{P\cdot Q}=\dfrac
                                                  {f_{1}}{P}+\dfrac{f_{2}}{Q...
The control sequence at the end of the top line
of your error message was never \def'ed. If you have
misspelled it (e.g., `\hobx'), type `I' and the correct
spelling (e.g., `I\hbox'). Otherwise just continue,
and I'll forget about whatever was undefined.

! Undefined control sequence.
l.22 ...dfrac{f}{P\cdot Q}=\dfrac{f_{1}}{P}+\dfrac
                                                  {f_{2}}{Q}\:$
The control sequence at the end of the top line
of your error message was never \def'ed. If you have
misspelled it (e.g., `\hobx'), type `I' and the correct
spelling (e.g., `I\hbox'). Otherwise just continue,
and I'll forget about whatever was undefined.


Overfull \hbox (39.46448pt too wide) in paragraph at lines 22--23
 \OML/cmm/m/it/10 f[] \OT1/cmr/m/n/10 = 
 []


Overfull \hbox (24.96883pt too wide) in paragraph at lines 22--23
 []\OML/cmm/m/it/10 P \OT1/cmr/m/n/10 + 
 []


Overfull \hbox (17.28754pt too wide) in paragraph at lines 22--23
 []\OML/cmm/m/it/10 Q $ 
 []

! Undefined control sequence.
l.26 	其中 \hspace{2em} $f_{1}=\left. \dfrac
                                              {f}{Q} \right|_{P=0} , \hspace...
The control sequence at the end of the top line
of your error message was never \def'ed. If you have
misspelled it (e.g., `\hobx'), type `I' and the correct
spelling (e.g., `I\hbox'). Otherwise just continue,
and I'll forget about whatever was undefined.

! Undefined control sequence.
l.26 ...{P=0} , \hspace{0.5em} f_{2}=\left. \dfrac
                                                  {f}{P} \right|_{Q=0}$
The control sequence at the end of the top line
of your error message was never \def'ed. If you have
misspelled it (e.g., `\hobx'), type `I' and the correct
spelling (e.g., `I\hbox'). Otherwise just continue,
and I'll forget about whatever was undefined.


Overfull \hbox (19.9375pt too wide) in paragraph at lines 26--27
 \OML/cmm/m/it/10 f[] \OT1/cmr/m/n/10 = 
 []


Overfull \hbox (60.69688pt too wide) in paragraph at lines 26--27
 [][] \OML/cmm/m/it/10 ; f[] \OT1/cmr/m/n/10 = 
 []


Overfull \hbox (34.6819pt too wide) in paragraph at lines 26--27
 [][]$ 
 []


Overfull \hbox (34.5042pt too wide) in paragraph at lines 29--30
[]留数是复变函数里的概念，留数（Residue）是复变函数沿包
围孤立奇点的正向简单闭曲线积分值除以$\OT1/cmr/m/n/10 2\OML/cm
m/m/it/10 i$\nullfont 的数值，等于函数在该奇点的洛朗展开式
中负一次幂项的系数。 
 []


Overfull \hbox (20.0pt too wide) in paragraph at lines 31--32
[]初看这个概念可能三桶托腮"这是个啥嘞"，不用担心，其
实我也看不懂.计算形式如上式所示，直接使用即可 
 []


Overfull \hbox (20.0pt too wide) in paragraph at lines 33--34
[]此法优点
 []


Overfull \hbox (7.77798pt too wide) in paragraph at lines 33--34
\TS1/lmr/m/n/10 
 []


Overfull \hbox (7.77798pt too wide) in paragraph at lines 33--34
\TS1/lmr/m/n/10 
 []


Overfull \hbox (20.0pt too wide) in paragraph at lines 35--36
[]此法缺点
 []


Overfull \hbox (7.77798pt too wide) in paragraph at lines 35--36
\TS1/lmr/m/n/10 
 []


Overfull \hbox (7.77798pt too wide) in paragraph at lines 35--36
\TS1/lmr/m/n/10 
 []


Overfull \hbox (20.0pt too wide) in paragraph at lines 37--38
[]留数法通常和极限法、赋值法同时搭配使用 
 []


Overfull \hbox (20.0pt too wide) in paragraph at lines 39--40
[]以下题目开始添加标签编号，便于引用 
 []



luaotfload | db : Font names database loaded from C:/Users/Administrator/.texliv
e2025/texmf-var/luatex-cache/generic/names/luaotfload-names.luc.gz

! LaTeX Error: The font size command \normalsize is not defined:
               there is probably something wrong with the class file.

See the LaTeX manual or LaTeX Companion for explanation.
Type  H <return>  for immediate help.
 ...                                              
                                                  
l.41 \clearpage
               
Your command was ignored.
Type  I <command> <return>  to replace it with another command,
or  <return>  to continue without it.

[1
Missing character: There is no 有 (U+6709) in font nullfont!
Missing character: There is no 理 (U+7406) in font nullfont!
Missing character: There is no 分 (U+5206) in font nullfont!
Missing character: There is no 式 (U+5F0F) in font nullfont!
Missing character: There is no 拆 (U+62C6) in font nullfont!
Missing character: There is no 分 (U+5206) in font nullfont!
Missing character: There is no 这 (U+8FD9) in font nullfont!
Missing character: There is no 里 (U+91CC) in font nullfont!
Missing character: There is no 有 (U+6709) in font nullfont!
Missing character: There is no 理 (U+7406) in font nullfont!
Missing character: There is no 分 (U+5206) in font nullfont!
Missing character: There is no 式 (U+5F0F) in font nullfont!
Missing character: There is no 拆 (U+62C6) in font nullfont!
Missing character: There is no 分 (U+5206) in font nullfont!
Missing character: There is no 是 (U+662F) in font nullfont!
Missing character: There is no 拉 (U+62C9) in font nullfont!
Missing character: There is no 式 (U+5F0F) in font nullfont!
Missing character: There is no 变 (U+53D8) in font nullfont!
Missing character: There is no 换 (U+6362) in font nullfont!
Missing character: There is no 解 (U+89E3) in font nullfont!
Missing character: There is no 微 (U+5FAE) in font nullfont!
Missing character: There is no 分 (U+5206) in font nullfont!
Missing character: There is no 方 (U+65B9) in font nullfont!
Missing character: There is no 程 (U+7A0B) in font nullfont!
Missing character: There is no ( (U+0028) in font nullfont!
Missing character: There is no 和 (U+548C) in font nullfont!
Missing character: There is no 积 (U+79EF) in font nullfont!
Missing character: There is no 分 (U+5206) in font nullfont!
Missing character: There is no 方 (U+65B9) in font nullfont!
Missing character: There is no 程 (U+7A0B) in font nullfont!
Missing character: There is no 的 (U+7684) in font nullfont!
Missing character: There is no 核 (U+6838) in font nullfont!
Missing character: There is no 心 (U+5FC3) in font nullfont!
Missing character: There is no 步 (U+6B65) in font nullfont!
Missing character: There is no 骤 (U+9AA4) in font nullfont!
Missing character: There is no ) (U+0029) in font nullfont!
Missing character: There is no 。 (U+3002) in font nullfont!
Missing character: There is no 虽 (U+867D) in font nullfont!
Missing character: There is no 然 (U+7136) in font nullfont!
Missing character: There is no 用 (U+7528) in font nullfont!
Missing character: There is no 待 (U+5F85) in font nullfont!
Missing character: There is no 定 (U+5B9A) in font nullfont!
Missing character: There is no 系 (U+7CFB) in font nullfont!
Missing character: There is no 数 (U+6570) in font nullfont!
Missing character: There is no 法 (U+6CD5) in font nullfont!
Missing character: There is no 也 (U+4E5F) in font nullfont!
Missing character: There is no 能 (U+80FD) in font nullfont!
Missing character: There is no 够 (U+591F) in font nullfont!
Missing character: There is no 将 (U+5C06) in font nullfont!
Missing character: There is no 各 (U+5404) in font nullfont!
Missing character: There is no 分 (U+5206) in font nullfont!
Missing character: There is no 式 (U+5F0F) in font nullfont!
Missing character: There is no 系 (U+7CFB) in font nullfont!
Missing character: There is no 数 (U+6570) in font nullfont!
Missing character: There is no 解 (U+89E3) in font nullfont!
Missing character: There is no 出 (U+51FA) in font nullfont!
Missing character: There is no ， (U+FF0C) in font nullfont!
Missing character: There is no 但 (U+4F46) in font nullfont!
Missing character: There is no 不 (U+4E0D) in font nullfont!
Missing character: There is no 够 (U+591F) in font nullfont!
Missing character: There is no 快 (U+5FEB) in font nullfont!
Missing character: There is no 。 (U+3002) in font nullfont!
Missing character: There is no 有 (U+6709) in font nullfont!
Missing character: There is no 理 (U+7406) in font nullfont!
Missing character: There is no 分 (U+5206) in font nullfont!
Missing character: There is no 式 (U+5F0F) in font nullfont!
Missing character: There is no 常 (U+5E38) in font nullfont!
Missing character: There is no 见 (U+89C1) in font nullfont!
Missing character: There is no 形 (U+5F62) in font nullfont!
Missing character: There is no 式 (U+5F0F) in font nullfont!
Missing character: There is no ： (U+FF1A) in font nullfont!
{c:/texlive/2025/texmf-var/fonts/map/pdftex/updmap/pdftex.map}
Missing character: There is no 是 (U+662F) in font nullfont!
Missing character: There is no 关 (U+5173) in font nullfont!
Missing character: There is no 于 (U+4E8E) in font nullfont!
Missing character: There is no 的 (U+7684) in font nullfont!
Missing character: There is no 多 (U+591A) in font nullfont!
Missing character: There is no 项 (U+9879) in font nullfont!
Missing character: There is no 式 (U+5F0F) in font nullfont!
Missing character: There is no 函 (U+51FD) in font nullfont!
Missing character: There is no 数 (U+6570) in font nullfont!
Missing character: There is no ， (U+FF0C) in font nullfont!
Missing character: There is no 通 (U+901A) in font nullfont!
Missing character: There is no 常 (U+5E38) in font nullfont!
Missing character: There is no 为 (U+4E3A) in font nullfont!
Missing character: There is no 形 (U+5F62) in font nullfont!
Missing character: There is no 式 (U+5F0F) in font nullfont!
Missing character: There is no 留 (U+7559) in font nullfont!
Missing character: There is no 数 (U+6570) in font nullfont!
Missing character: There is no 法 (U+6CD5) in font nullfont!
Missing character: There is no 概 (U+6982) in font nullfont!
Missing character: There is no 念 (U+5FF5) in font nullfont!
Missing character: There is no 若 (U+82E5) in font nullfont!
Missing character: There is no 有 (U+6709) in font nullfont!
Missing character: There is no 真 (U+771F) in font nullfont!
Missing character: There is no 分 (U+5206) in font nullfont!
Missing character: There is no 式 (U+5F0F) in font nullfont!
Missing character: There is no ， (U+FF0C) in font nullfont!
Missing character: There is no 是 (U+662F) in font nullfont!
Missing character: There is no 关 (U+5173) in font nullfont!
Missing character: There is no 于 (U+4E8E) in font nullfont!
Missing character: There is no 的 (U+7684) in font nullfont!
Missing character: There is no 多 (U+591A) in font nullfont!
Missing character: There is no 项 (U+9879) in font nullfont!
Missing character: There is no 式 (U+5F0F) in font nullfont!
Missing character: There is no 函 (U+51FD) in font nullfont!
Missing character: There is no 数 (U+6570) in font nullfont!
Missing character: There is no ， (U+FF0C) in font nullfont!
Missing character: There is no 、 (U+3001) in font nullfont!
Missing character: There is no 均 (U+5747) in font nullfont!
Missing character: There is no 为 (U+4E3A) in font nullfont!
Missing character: There is no 二 (U+4E8C) in font nullfont!
Missing character: There is no 次 (U+6B21) in font nullfont!
Missing character: There is no 式 (U+5F0F) in font nullfont!
Missing character: There is no ( (U+0028) in font nullfont!
Missing character: There is no 可 (U+53EF) in font nullfont!
Missing character: There is no 为 (U+4E3A) in font nullfont!
Missing character: There is no 0 (U+0030) in font nullfont!
Missing character: There is no ) (U+0029) in font nullfont!
Missing character: There is no 有 (U+6709) in font nullfont!
Missing character: There is no 其 (U+5176) in font nullfont!
Missing character: There is no 中 (U+4E2D) in font nullfont!
Missing character: There is no 留 (U+7559) in font nullfont!
Missing character: There is no 数 (U+6570) in font nullfont!
Missing character: There is no 是 (U+662F) in font nullfont!
Missing character: There is no 复 (U+590D) in font nullfont!
Missing character: There is no 变 (U+53D8) in font nullfont!
Missing character: There is no 函 (U+51FD) in font nullfont!
Missing character: There is no 数 (U+6570) in font nullfont!
Missing character: There is no 里 (U+91CC) in font nullfont!
Missing character: There is no 的 (U+7684) in font nullfont!
Missing character: There is no 概 (U+6982) in font nullfont!
Missing character: There is no 念 (U+5FF5) in font nullfont!
Missing character: There is no ， (U+FF0C) in font nullfont!
Missing character: There is no 留 (U+7559) in font nullfont!
Missing character: There is no 数 (U+6570) in font nullfont!
Missing character: There is no （ (U+FF08) in font nullfont!
Missing character: There is no R (U+0052) in font nullfont!
Missing character: There is no e (U+0065) in font nullfont!
Missing character: There is no s (U+0073) in font nullfont!
Missing character: There is no i (U+0069) in font nullfont!
Missing character: There is no d (U+0064) in font nullfont!
Missing character: There is no u (U+0075) in font nullfont!
Missing character: There is no e (U+0065) in font nullfont!
Missing character: There is no ） (U+FF09) in font nullfont!
Missing character: There is no 是 (U+662F) in font nullfont!
Missing character: There is no 复 (U+590D) in font nullfont!
Missing character: There is no 变 (U+53D8) in font nullfont!
Missing character: There is no 函 (U+51FD) in font nullfont!
Missing character: There is no 数 (U+6570) in font nullfont!
Missing character: There is no 沿 (U+6CBF) in font nullfont!
Missing character: There is no 包 (U+5305) in font nullfont!
Missing character: There is no 围 (U+56F4) in font nullfont!
Missing character: There is no 孤 (U+5B64) in font nullfont!
Missing character: There is no 立 (U+7ACB) in font nullfont!
Missing character: There is no 奇 (U+5947) in font nullfont!
Missing character: There is no 点 (U+70B9) in font nullfont!
Missing character: There is no 的 (U+7684) in font nullfont!
Missing character: There is no 正 (U+6B63) in font nullfont!
Missing character: There is no 向 (U+5411) in font nullfont!
Missing character: There is no 简 (U+7B80) in font nullfont!
Missing character: There is no 单 (U+5355) in font nullfont!
Missing character: There is no 闭 (U+95ED) in font nullfont!
Missing character: There is no 曲 (U+66F2) in font nullfont!
Missing character: There is no 线 (U+7EBF) in font nullfont!
Missing character: There is no 积 (U+79EF) in font nullfont!
Missing character: There is no 分 (U+5206) in font nullfont!
Missing character: There is no 值 (U+503C) in font nullfont!
Missing character: There is no 除 (U+9664) in font nullfont!
Missing character: There is no 以 (U+4EE5) in font nullfont!
Missing character: There is no 的 (U+7684) in font nullfont!
Missing character: There is no 数 (U+6570) in font nullfont!
Missing character: There is no 值 (U+503C) in font nullfont!
Missing character: There is no ， (U+FF0C) in font nullfont!
Missing character: There is no 等 (U+7B49) in font nullfont!
Missing character: There is no 于 (U+4E8E) in font nullfont!
Missing character: There is no 函 (U+51FD) in font nullfont!
Missing character: There is no 数 (U+6570) in font nullfont!
Missing character: There is no 在 (U+5728) in font nullfont!
Missing character: There is no 该 (U+8BE5) in font nullfont!
Missing character: There is no 奇 (U+5947) in font nullfont!
Missing character: There is no 点 (U+70B9) in font nullfont!
Missing character: There is no 的 (U+7684) in font nullfont!
Missing character: There is no 洛 (U+6D1B) in font nullfont!
Missing character: There is no 朗 (U+6717) in font nullfont!
Missing character: There is no 展 (U+5C55) in font nullfont!
Missing character: There is no 开 (U+5F00) in font nullfont!
Missing character: There is no 式 (U+5F0F) in font nullfont!
Missing character: There is no 中 (U+4E2D) in font nullfont!
Missing character: There is no 负 (U+8D1F) in font nullfont!
Missing character: There is no 一 (U+4E00) in font nullfont!
Missing character: There is no 次 (U+6B21) in font nullfont!
Missing character: There is no 幂 (U+5E42) in font nullfont!
Missing character: There is no 项 (U+9879) in font nullfont!
Missing character: There is no 的 (U+7684) in font nullfont!
Missing character: There is no 系 (U+7CFB) in font nullfont!
Missing character: There is no 数 (U+6570) in font nullfont!
Missing character: There is no 。 (U+3002) in font nullfont!
Missing character: There is no 初 (U+521D) in font nullfont!
Missing character: There is no 看 (U+770B) in font nullfont!
Missing character: There is no 这 (U+8FD9) in font nullfont!
Missing character: There is no 个 (U+4E2A) in font nullfont!
Missing character: There is no 概 (U+6982) in font nullfont!
Missing character: There is no 念 (U+5FF5) in font nullfont!
Missing character: There is no 可 (U+53EF) in font nullfont!
Missing character: There is no 能 (U+80FD) in font nullfont!
Missing character: There is no 三 (U+4E09) in font nullfont!
Missing character: There is no 桶 (U+6876) in font nullfont!
Missing character: There is no 托 (U+6258) in font nullfont!
Missing character: There is no 腮 (U+816E) in font nullfont!
Missing character: There is no " (U+0022) in font nullfont!
Missing character: There is no 这 (U+8FD9) in font nullfont!
Missing character: There is no 是 (U+662F) in font nullfont!
Missing character: There is no 个 (U+4E2A) in font nullfont!
Missing character: There is no 啥 (U+5565) in font nullfont!
Missing character: There is no 嘞 (U+561E) in font nullfont!
Missing character: There is no " (U+0022) in font nullfont!
Missing character: There is no ， (U+FF0C) in font nullfont!
Missing character: There is no 不 (U+4E0D) in font nullfont!
Missing character: There is no 用 (U+7528) in font nullfont!
Missing character: There is no 担 (U+62C5) in font nullfont!
Missing character: There is no 心 (U+5FC3) in font nullfont!
Missing character: There is no ， (U+FF0C) in font nullfont!
Missing character: There is no 其 (U+5176) in font nullfont!
Missing character: There is no 实 (U+5B9E) in font nullfont!
Missing character: There is no 我 (U+6211) in font nullfont!
Missing character: There is no 也 (U+4E5F) in font nullfont!
Missing character: There is no 看 (U+770B) in font nullfont!
Missing character: There is no 不 (U+4E0D) in font nullfont!
Missing character: There is no 懂 (U+61C2) in font nullfont!
Missing character: There is no . (U+002E) in font nullfont!
Missing character: There is no 计 (U+8BA1) in font nullfont!
Missing character: There is no 算 (U+7B97) in font nullfont!
Missing character: There is no 形 (U+5F62) in font nullfont!
Missing character: There is no 式 (U+5F0F) in font nullfont!
Missing character: There is no 如 (U+5982) in font nullfont!
Missing character: There is no 上 (U+4E0A) in font nullfont!
Missing character: There is no 式 (U+5F0F) in font nullfont!
Missing character: There is no 所 (U+6240) in font nullfont!
Missing character: There is no 示 (U+793A) in font nullfont!
Missing character: There is no ， (U+FF0C) in font nullfont!
Missing character: There is no 直 (U+76F4) in font nullfont!
Missing character: There is no 接 (U+63A5) in font nullfont!
Missing character: There is no 使 (U+4F7F) in font nullfont!
Missing character: There is no 用 (U+7528) in font nullfont!
Missing character: There is no 即 (U+5373) in font nullfont!
Missing character: There is no 可 (U+53EF) in font nullfont!
Missing character: There is no 此 (U+6B64) in font nullfont!
Missing character: There is no 法 (U+6CD5) in font nullfont!
Missing character: There is no 优 (U+4F18) in font nullfont!
Missing character: There is no 点 (U+70B9) in font nullfont!
Missing character: There is no 普 (U+666E) in font nullfont!
Missing character: There is no 适 (U+9002) in font nullfont!
Missing character: There is no 无 (U+65E0) in font nullfont!
Missing character: There is no 需 (U+9700) in font nullfont!
Missing character: There is no 知 (U+77E5) in font nullfont!
Missing character: There is no 晓 (U+6653) in font nullfont!
Missing character: There is no 拆 (U+62C6) in font nullfont!
Missing character: There is no 分 (U+5206) in font nullfont!
Missing character: There is no 形 (U+5F62) in font nullfont!
Missing character: There is no 式 (U+5F0F) in font nullfont!
Missing character: There is no 此 (U+6B64) in font nullfont!
Missing character: There is no 法 (U+6CD5) in font nullfont!
Missing character: There is no 缺 (U+7F3A) in font nullfont!
Missing character: There is no 点 (U+70B9) in font nullfont!
Missing character: There is no 对 (U+5BF9) in font nullfont!
Missing character: There is no 重 (U+91CD) in font nullfont!
Missing character: There is no 根 (U+6839) in font nullfont!
Missing character: There is no 情 (U+60C5) in font nullfont!
Missing character: There is no 况 (U+51B5) in font nullfont!
Missing character: There is no 作 (U+4F5C) in font nullfont!
Missing character: There is no 用 (U+7528) in font nullfont!
Missing character: There is no 有 (U+6709) in font nullfont!
Missing character: There is no 限 (U+9650) in font nullfont!
Missing character: There is no 分 (U+5206) in font nullfont!
Missing character: There is no 母 (U+6BCD) in font nullfont!
Missing character: There is no 为 (U+4E3A) in font nullfont!
Missing character: There is no 二 (U+4E8C) in font nullfont!
Missing character: There is no 次 (U+6B21) in font nullfont!
Missing character: There is no 式 (U+5F0F) in font nullfont!
Missing character: There is no 相 (U+76F8) in font nullfont!
Missing character: There is no 乘 (U+4E58) in font nullfont!
Missing character: There is no 时 (U+65F6) in font nullfont!
Missing character: There is no 计 (U+8BA1) in font nullfont!
Missing character: There is no 算 (U+7B97) in font nullfont!
Missing character: There is no 麻 (U+9EBB) in font nullfont!
Missing character: There is no 烦 (U+70E6) in font nullfont!
Missing character: There is no 留 (U+7559) in font nullfont!
Missing character: There is no 数 (U+6570) in font nullfont!
Missing character: There is no 法 (U+6CD5) in font nullfont!
Missing character: There is no 通 (U+901A) in font nullfont!
Missing character: There is no 常 (U+5E38) in font nullfont!
Missing character: There is no 和 (U+548C) in font nullfont!
Missing character: There is no 极 (U+6781) in font nullfont!
Missing character: There is no 限 (U+9650) in font nullfont!
Missing character: There is no 法 (U+6CD5) in font nullfont!
Missing character: There is no 、 (U+3001) in font nullfont!
Missing character: There is no 赋 (U+8D4B) in font nullfont!
Missing character: There is no 值 (U+503C) in font nullfont!
Missing character: There is no 法 (U+6CD5) in font nullfont!
Missing character: There is no 同 (U+540C) in font nullfont!
Missing character: There is no 时 (U+65F6) in font nullfont!
Missing character: There is no 搭 (U+642D) in font nullfont!
Missing character: There is no 配 (U+914D) in font nullfont!
Missing character: There is no 使 (U+4F7F) in font nullfont!
Missing character: There is no 用 (U+7528) in font nullfont!
Missing character: There is no 以 (U+4EE5) in font nullfont!
Missing character: There is no 下 (U+4E0B) in font nullfont!
Missing character: There is no 题 (U+9898) in font nullfont!
Missing character: There is no 目 (U+76EE) in font nullfont!
Missing character: There is no 开 (U+5F00) in font nullfont!
Missing character: There is no 始 (U+59CB) in font nullfont!
Missing character: There is no 添 (U+6DFB) in font nullfont!
Missing character: There is no 加 (U+52A0) in font nullfont!
Missing character: There is no 标 (U+6807) in font nullfont!
Missing character: There is no 签 (U+7B7E) in font nullfont!
Missing character: There is no 编 (U+7F16) in font nullfont!
Missing character: There is no 号 (U+53F7) in font nullfont!
Missing character: There is no ， (U+FF0C) in font nullfont!
Missing character: There is no 便 (U+4FBF) in font nullfont!
Missing character: There is no 于 (U+4E8E) in font nullfont!
Missing character: There is no 引 (U+5F15) in font nullfont!
Missing character: There is no 用 (U+7528) in font nullfont!
]
! Undefined control sequence.
<write> ...eference `liushufa-1' on page \thepage 
                                                  \space undefined\on@line .
l.44 \fbox{题目\ref{liushufa-1}}
                                  
The control sequence at the end of the top line
of your error message was never \def'ed. If you have
misspelled it (e.g., `\hobx'), type `I' and the correct
spelling (e.g., `I\hbox'). Otherwise just continue,
and I'll forget about whatever was undefined.


LaTeX Warning: Reference `liushufa-1' on page  undefined on input line 44.


Overfull \hbox (37.65997pt too wide) in paragraph at lines 44--45
[][] 
 []

! Undefined control sequence.
l.46 	\dfrac
            {1}{x\left(x+1\right)}=\dfrac{f_{1}}{x}+\dfrac{f_{2}}{\left(x+1\...
The control sequence at the end of the top line
of your error message was never \def'ed. If you have
misspelled it (e.g., `\hobx'), type `I' and the correct
spelling (e.g., `I\hbox'). Otherwise just continue,
and I'll forget about whatever was undefined.

! Undefined control sequence.
l.46 	\dfrac{1}{x\left(x+1\right)}=\dfrac
                                         {f_{1}}{x}+\dfrac{f_{2}}{\left(x+1\...
The control sequence at the end of the top line
of your error message was never \def'ed. If you have
misspelled it (e.g., `\hobx'), type `I' and the correct
spelling (e.g., `I\hbox'). Otherwise just continue,
and I'll forget about whatever was undefined.

! Undefined control sequence.
l.46 ...x\left(x+1\right)}=\dfrac{f_{1}}{x}+\dfrac
                                                  {f_{2}}{\left(x+1\right)}
The control sequence at the end of the top line
of your error message was never \def'ed. If you have
misspelled it (e.g., `\hobx'), type `I' and the correct
spelling (e.g., `I\hbox'). Otherwise just continue,
and I'll forget about whatever was undefined.


Overfull \hbox (119.40263pt too wide) detected at line 47
[]\OT1/cmr/m/n/10 1[] = []\OML/cmm/m/it/10 x \OT1/cmr/m/n/10 + [][]
 []


Overfull \hbox (20.0pt too wide) in paragraph at lines 49--49
[] 
 []

! Undefined control sequence.
l.50 	$f_{1}=\left. \dfrac
                          {1}{x+1} \right|_{x=0} \hspace{0.5em} , \hspace{1e...
The control sequence at the end of the top line
of your error message was never \def'ed. If you have
misspelled it (e.g., `\hobx'), type `I' and the correct
spelling (e.g., `I\hbox'). Otherwise just continue,
and I'll forget about whatever was undefined.

! Undefined control sequence.
l.50 ...{0.5em} , \hspace{1em} f_{2}=\left. \dfrac
                                                  {1}{x} \right|_{x=-1}$
The control sequence at the end of the top line
of your error message was never \def'ed. If you have
misspelled it (e.g., `\hobx'), type `I' and the correct
spelling (e.g., `I\hbox'). Otherwise just continue,
and I'll forget about whatever was undefined.


Overfull \hbox (19.9375pt too wide) in paragraph at lines 50--51
 \OML/cmm/m/it/10 f[] \OT1/cmr/m/n/10 = 
 []


Overfull \hbox (73.12354pt too wide) in paragraph at lines 50--51
 [][] \OML/cmm/m/it/10 ; f[] \OT1/cmr/m/n/10 = 
 []


Overfull \hbox (36.10286pt too wide) in paragraph at lines 50--51
 [][]$ 
 []

! Undefined control sequence.
<write> ...eference `liushufa-2' on page \thepage 
                                                  \space undefined\on@line .
l.53 \fbox{题目\ref{liushufa-2}}
                                  
The control sequence at the end of the top line
of your error message was never \def'ed. If you have
misspelled it (e.g., `\hobx'), type `I' and the correct
spelling (e.g., `I\hbox'). Otherwise just continue,
and I'll forget about whatever was undefined.


LaTeX Warning: Reference `liushufa-2' on page  undefined on input line 53.


Overfull \hbox (37.65997pt too wide) in paragraph at lines 53--54
[][] 
 []

! Undefined control sequence.
l.55 	\dfrac
            {5x^{2}-6x+1}{x\left(x-2\right)\left(x-3\right)}=\dfrac{\tfrac{1...
The control sequence at the end of the top line
of your error message was never \def'ed. If you have
misspelled it (e.g., `\hobx'), type `I' and the correct
spelling (e.g., `I\hbox'). Otherwise just continue,
and I'll forget about whatever was undefined.

! Undefined control sequence.
l.55 ...{x\left(x-2\right)\left(x-3\right)}=\dfrac
                                                  {\tfrac{1}{6}}{x}+\dfrac{-...
The control sequence at the end of the top line
of your error message was never \def'ed. If you have
misspelled it (e.g., `\hobx'), type `I' and the correct
spelling (e.g., `I\hbox'). Otherwise just continue,
and I'll forget about whatever was undefined.

! Undefined control sequence.
l.55 ...(x-2\right)\left(x-3\right)}=\dfrac{\tfrac
                                                  {1}{6}}{x}+\dfrac{-\tfrac{...
The control sequence at the end of the top line
of your error message was never \def'ed. If you have
misspelled it (e.g., `\hobx'), type `I' and the correct
spelling (e.g., `I\hbox'). Otherwise just continue,
and I'll forget about whatever was undefined.

! Undefined control sequence.
l.55 ...x-3\right)}=\dfrac{\tfrac{1}{6}}{x}+\dfrac
                                                  {-\tfrac{9}{2}}{x-2}+\dfra...
The control sequence at the end of the top line
of your error message was never \def'ed. If you have
misspelled it (e.g., `\hobx'), type `I' and the correct
spelling (e.g., `I\hbox'). Otherwise just continue,
and I'll forget about whatever was undefined.

! Undefined control sequence.
l.55 ...t)}=\dfrac{\tfrac{1}{6}}{x}+\dfrac{-\tfrac
                                                  {9}{2}}{x-2}+\dfrac{\tfrac...
The control sequence at the end of the top line
of your error message was never \def'ed. If you have
misspelled it (e.g., `\hobx'), type `I' and the correct
spelling (e.g., `I\hbox'). Otherwise just continue,
and I'll forget about whatever was undefined.

! Undefined control sequence.
l.55 ...}{6}}{x}+\dfrac{-\tfrac{9}{2}}{x-2}+\dfrac
                                                  {\tfrac{28}{3}}{x-3}
The control sequence at the end of the top line
of your error message was never \def'ed. If you have
misspelled it (e.g., `\hobx'), type `I' and the correct
spelling (e.g., `I\hbox'). Otherwise just continue,
and I'll forget about whatever was undefined.

! Undefined control sequence.
l.55 ...}+\dfrac{-\tfrac{9}{2}}{x-2}+\dfrac{\tfrac
                                                  {28}{3}}{x-3}
The control sequence at the end of the top line
of your error message was never \def'ed. If you have
misspelled it (e.g., `\hobx'), type `I' and the correct
spelling (e.g., `I\hbox'). Otherwise just continue,
and I'll forget about whatever was undefined.


Overfull \hbox (249.09682pt too wide) detected at line 56
[][][] \OT1/cmr/m/n/10 = []\OML/cmm/m/it/10 x \OT1/cmr/m/n/10 + [][] + [][]
 []

! Undefined control sequence.
<write> ...eference `liushufa-3' on page \thepage 
                                                  \space undefined\on@line .
l.58 \fbox{题目\ref{liushufa-3}}
                                  
The control sequence at the end of the top line
of your error message was never \def'ed. If you have
misspelled it (e.g., `\hobx'), type `I' and the correct
spelling (e.g., `I\hbox'). Otherwise just continue,
and I'll forget about whatever was undefined.


LaTeX Warning: Reference `liushufa-3' on page  undefined on input line 58.


Overfull \hbox (37.65997pt too wide) in paragraph at lines 58--59
[][] 
 []

! Undefined control sequence.
l.60 	\dfrac
            {7x+6}{\left(x+1\right)\left(x+2\right)}=\dfrac{-1}{x+1}+\dfrac{...
The control sequence at the end of the top line
of your error message was never \def'ed. If you have
misspelled it (e.g., `\hobx'), type `I' and the correct
spelling (e.g., `I\hbox'). Otherwise just continue,
and I'll forget about whatever was undefined.

! Undefined control sequence.
l.60 ...}{\left(x+1\right)\left(x+2\right)}=\dfrac
                                                  {-1}{x+1}+\dfrac{8}{x+2}
The control sequence at the end of the top line
of your error message was never \def'ed. If you have
misspelled it (e.g., `\hobx'), type `I' and the correct
spelling (e.g., `I\hbox'). Otherwise just continue,
and I'll forget about whatever was undefined.

! Undefined control sequence.
l.60 ...t)\left(x+2\right)}=\dfrac{-1}{x+1}+\dfrac
                                                  {8}{x+2}
The control sequence at the end of the top line
of your error message was never \def'ed. If you have
misspelled it (e.g., `\hobx'), type `I' and the correct
spelling (e.g., `I\hbox'). Otherwise just continue,
and I'll forget about whatever was undefined.


Overfull \hbox (175.79822pt too wide) detected at line 61
[][][] \OT1/cmr/m/n/10 = [][] + 8[]
 []

! Undefined control sequence.
<write> ...eference `liushufa-4' on page \thepage 
                                                  \space undefined\on@line .
l.63 \fbox{题目\ref{liushufa-4}}
                                  
The control sequence at the end of the top line
of your error message was never \def'ed. If you have
misspelled it (e.g., `\hobx'), type `I' and the correct
spelling (e.g., `I\hbox'). Otherwise just continue,
and I'll forget about whatever was undefined.


LaTeX Warning: Reference `liushufa-4' on page  undefined on input line 63.


Overfull \hbox (37.65997pt too wide) in paragraph at lines 63--64
[][] 
 []

! Undefined control sequence.
l.65 	\dfrac
            {4x^{2}-6x-1}{\left(x+1\right)\left(2x-1\right)^{2}}=\dfrac{1}{x...
The control sequence at the end of the top line
of your error message was never \def'ed. If you have
misspelled it (e.g., `\hobx'), type `I' and the correct
spelling (e.g., `I\hbox'). Otherwise just continue,
and I'll forget about whatever was undefined.

! Undefined control sequence.
l.65 ...ft(x+1\right)\left(2x-1\right)^{2}}=\dfrac
                                                  {1}{x+1}+\dfrac{f}{\left(2...
The control sequence at the end of the top line
of your error message was never \def'ed. If you have
misspelled it (e.g., `\hobx'), type `I' and the correct
spelling (e.g., `I\hbox'). Otherwise just continue,
and I'll forget about whatever was undefined.

! Undefined control sequence.
l.65 ...eft(2x-1\right)^{2}}=\dfrac{1}{x+1}+\dfrac
                                                  {f}{\left(2x-1\right)^{2}}
The control sequence at the end of the top line
of your error message was never \def'ed. If you have
misspelled it (e.g., `\hobx'), type `I' and the correct
spelling (e.g., `I\hbox'). Otherwise just continue,
and I'll forget about whatever was undefined.


Overfull \hbox (223.1663pt too wide) detected at line 66
[][][] \OT1/cmr/m/n/10 = 1[] + \OML/cmm/m/it/10 f[]
 []


Overfull \hbox (20.0pt too wide) in paragraph at lines 70--70
[][] 
 []

! Undefined control sequence.
l.71 f=\left. \dfrac
                    {4x^{2}-6x-1}{x+1} \right|_{\vphantom{\dfrac{1}{1}}\left...
The control sequence at the end of the top line
of your error message was never \def'ed. If you have
misspelled it (e.g., `\hobx'), type `I' and the correct
spelling (e.g., `I\hbox'). Otherwise just continue,
and I'll forget about whatever was undefined.

! Undefined control sequence.
<argument> \dfrac 
                  {1}{1}
l.71 ...x-1}{x+1} \right|_{\vphantom{\dfrac{1}{1}}
                                                  \left(2x-1\right)^{2}=0}
The control sequence at the end of the top line
of your error message was never \def'ed. If you have
misspelled it (e.g., `\hobx'), type `I' and the correct
spelling (e.g., `I\hbox'). Otherwise just continue,
and I'll forget about whatever was undefined.

! Undefined control sequence.
<argument> \dfrac 
                  {1}{1}
l.71 ...x-1}{x+1} \right|_{\vphantom{\dfrac{1}{1}}
                                                  \left(2x-1\right)^{2}=0}
The control sequence at the end of the top line
of your error message was never \def'ed. If you have
misspelled it (e.g., `\hobx'), type `I' and the correct
spelling (e.g., `I\hbox'). Otherwise just continue,
and I'll forget about whatever was undefined.

! Undefined control sequence.
<argument> \dfrac 
                  {1}{1}
l.71 ...x-1}{x+1} \right|_{\vphantom{\dfrac{1}{1}}
                                                  \left(2x-1\right)^{2}=0}
The control sequence at the end of the top line
of your error message was never \def'ed. If you have
misspelled it (e.g., `\hobx'), type `I' and the correct
spelling (e.g., `I\hbox'). Otherwise just continue,
and I'll forget about whatever was undefined.

! Undefined control sequence.
<argument> \dfrac 
                  {1}{1}
l.71 ...x-1}{x+1} \right|_{\vphantom{\dfrac{1}{1}}
                                                  \left(2x-1\right)^{2}=0}
The control sequence at the end of the top line
of your error message was never \def'ed. If you have
misspelled it (e.g., `\hobx'), type `I' and the correct
spelling (e.g., `I\hbox'). Otherwise just continue,
and I'll forget about whatever was undefined.

! Undefined control sequence.
l.72 =\dfrac
            {\left(4x^{2}-4x+1\right)-2x-2}{x+1}
The control sequence at the end of the top line
of your error message was never \def'ed. If you have
misspelled it (e.g., `\hobx'), type `I' and the correct
spelling (e.g., `I\hbox'). Otherwise just continue,
and I'll forget about whatever was undefined.

! Undefined control sequence.
l.73 =\dfrac
            {0-2x-2}{x+1}=-2
The control sequence at the end of the top line
of your error message was never \def'ed. If you have
misspelled it (e.g., `\hobx'), type `I' and the correct
spelling (e.g., `I\hbox'). Otherwise just continue,
and I'll forget about whatever was undefined.


Overfull \hbox (390.17134pt too wide) detected at line 74
\OML/cmm/m/it/10 f \OT1/cmr/m/n/10 = [][] = [][] = [][] = \OMS/cmsy/m/n/10 ^^@\
OT1/cmr/m/n/10 2
 []

! Undefined control sequence.
<write> ...eference `liushufa-4' on page \thepage 
                                                  \space undefined\on@line .
l.78 如式子\ref{liushufa-4}
                              所示，$\dfrac{1}{x+1}$系数是由下式得...
The control sequence at the end of the top line
of your error message was never \def'ed. If you have
misspelled it (e.g., `\hobx'), type `I' and the correct
spelling (e.g., `I\hbox'). Otherwise just continue,
and I'll forget about whatever was undefined.


LaTeX Warning: Reference `liushufa-4' on page  undefined on input line 78.

! Undefined control sequence.
<recently read> \dfrac 
                       
l.78 如式子\ref{liushufa-4}所示，$\dfrac
                                              {1}{x+1}$系数是由下式得...
The control sequence at the end of the top line
of your error message was never \def'ed. If you have
misspelled it (e.g., `\hobx'), type `I' and the correct
spelling (e.g., `I\hbox'). Otherwise just continue,
and I'll forget about whatever was undefined.

! Undefined control sequence.
l.78 ...数是由下式得来的，$\left. \dfrac
                                                  {4x^{2}-6x-1}{\left(2x-1\r...
The control sequence at the end of the top line
of your error message was never \def'ed. If you have
misspelled it (e.g., `\hobx'), type `I' and the correct
spelling (e.g., `I\hbox'). Otherwise just continue,
and I'll forget about whatever was undefined.

! Undefined control sequence.
<argument> \dfrac 
                  {1}{1}
l.78 ...ght)^{2}} \right|_{\vphantom{\dfrac{1}{1}}
                                                   x=-1}$
The control sequence at the end of the top line
of your error message was never \def'ed. If you have
misspelled it (e.g., `\hobx'), type `I' and the correct
spelling (e.g., `I\hbox'). Otherwise just continue,
and I'll forget about whatever was undefined.

! Undefined control sequence.
<argument> \dfrac 
                  {1}{1}
l.78 ...ght)^{2}} \right|_{\vphantom{\dfrac{1}{1}}
                                                   x=-1}$
The control sequence at the end of the top line
of your error message was never \def'ed. If you have
misspelled it (e.g., `\hobx'), type `I' and the correct
spelling (e.g., `I\hbox'). Otherwise just continue,
and I'll forget about whatever was undefined.

! Undefined control sequence.
<argument> \dfrac 
                  {1}{1}
l.78 ...ght)^{2}} \right|_{\vphantom{\dfrac{1}{1}}
                                                   x=-1}$
The control sequence at the end of the top line
of your error message was never \def'ed. If you have
misspelled it (e.g., `\hobx'), type `I' and the correct
spelling (e.g., `I\hbox'). Otherwise just continue,
and I'll forget about whatever was undefined.

! Undefined control sequence.
<argument> \dfrac 
                  {1}{1}
l.78 ...ght)^{2}} \right|_{\vphantom{\dfrac{1}{1}}
                                                   x=-1}$
The control sequence at the end of the top line
of your error message was never \def'ed. If you have
misspelled it (e.g., `\hobx'), type `I' and the correct
spelling (e.g., `I\hbox'). Otherwise just continue,
and I'll forget about whatever was undefined.


Overfull \hbox (180.3029pt too wide) in paragraph at lines 78--79
[]如式子[]所示，$\OT1/cmr/m/n/10 1[]$\nullfont 系数是由下式得来
的，$[][]$ 
 []


Overfull \hbox (48.95148pt too wide) in paragraph at lines 80--81
[]对于分子式$\OML/cmm/m/it/10 f$\nullfont 求解中，将$\OT1/cmr/m/n/10 
4\OML/cmm/m/it/10 x[] \OMS/cmsy/m/n/10 ^^@
 []


Overfull \hbox (18.49309pt too wide) in paragraph at lines 80--81
\OT1/cmr/m/n/10 4\OML/cmm/m/it/10 x \OT1/cmr/m/n/10 +
 []


Overfull \hbox (5.00002pt too wide) in paragraph at lines 80--81
\OT1/cmr/m/n/10 1$\nullfont 整体作为0处理 
 []

! Undefined control sequence.
<write> ...eference `liushufa-5' on page \thepage 
                                                  \space undefined\on@line .
l.84 \fbox{题目\ref{liushufa-5} (2019·数二)}
                                                 
The control sequence at the end of the top line
of your error message was never \def'ed. If you have
misspelled it (e.g., `\hobx'), type `I' and the correct
spelling (e.g., `I\hbox'). Otherwise just continue,
and I'll forget about whatever was undefined.


LaTeX Warning: Reference `liushufa-5' on page  undefined on input line 84.


Overfull \hbox (37.65997pt too wide) in paragraph at lines 84--85
[][] 
 []

! Undefined control sequence.
l.86 	\int\dfrac
                {3x+6}{\left(x-1\right)^{2}\left(x^{2}+x+1\right)}dx=\int\df...
The control sequence at the end of the top line
of your error message was never \def'ed. If you have
misspelled it (e.g., `\hobx'), type `I' and the correct
spelling (e.g., `I\hbox'). Otherwise just continue,
and I'll forget about whatever was undefined.

! Undefined control sequence.
l.86 ...t)^{2}\left(x^{2}+x+1\right)}dx=\int\dfrac
                                                  {f_{1}}{x^{2}+x+1}dx+\int\...
The control sequence at the end of the top line
of your error message was never \def'ed. If you have
misspelled it (e.g., `\hobx'), type `I' and the correct
spelling (e.g., `I\hbox'). Otherwise just continue,
and I'll forget about whatever was undefined.

! Undefined control sequence.
l.86 ...=\int\dfrac{f_{1}}{x^{2}+x+1}dx+\int\dfrac
                                                  {f_{2}}{\left(x-1\right)^{...
The control sequence at the end of the top line
of your error message was never \def'ed. If you have
misspelled it (e.g., `\hobx'), type `I' and the correct
spelling (e.g., `I\hbox'). Otherwise just continue,
and I'll forget about whatever was undefined.


Overfull \hbox (307.53075pt too wide) detected at line 87
[][] [][]\OML/cmm/m/it/10 dx \OT1/cmr/m/n/10 = [] [][]\OML/cmm/m/it/10 dx \OT1/
cmr/m/n/10 + [] [][]\OML/cmm/m/it/10 dx
 []


! LaTeX Error: Environment align* undefined.

See the LaTeX manual or LaTeX Companion for explanation.
Type  H <return>  for immediate help.
 ...                                              
                                                  
l.91 \begin{align*}
                   
Your command was ignored.
Type  I <command> <return>  to replace it with another command,
or  <return>  to continue without it.

! Missing $ inserted.
<inserted text> 
                $
l.92 	f_
        {1}&=\left. \dfrac{3x+6}{(x-1)^2} \right|_{\vphantom{\dfrac{1}{1}} x...
I've inserted a begin-math/end-math symbol since I think
you left one out. Proceed, with fingers crossed.

! Misplaced alignment tab character &.
l.92 	f_{1}&
            =\left. \dfrac{3x+6}{(x-1)^2} \right|_{\vphantom{\dfrac{1}{1}} x...
I can't figure out why you would want to use a tab mark
here. If you just want an ampersand, the remedy is
simple: Just type `I\&' now. But if some right brace
up above has ended a previous alignment prematurely,
you're probably due for more error messages, and you
might try typing `S' now just to see what is salvageable.

! Undefined control sequence.
l.92 	f_{1}&=\left. \dfrac
                          {3x+6}{(x-1)^2} \right|_{\vphantom{\dfrac{1}{1}} x...
The control sequence at the end of the top line
of your error message was never \def'ed. If you have
misspelled it (e.g., `\hobx'), type `I' and the correct
spelling (e.g., `I\hbox'). Otherwise just continue,
and I'll forget about whatever was undefined.

! Undefined control sequence.
<argument> \dfrac 
                  {1}{1}
l.92 ...{(x-1)^2} \right|_{\vphantom{\dfrac{1}{1}}
                                                   x^{2}+x+1=0} = \dfrac{3x+...
The control sequence at the end of the top line
of your error message was never \def'ed. If you have
misspelled it (e.g., `\hobx'), type `I' and the correct
spelling (e.g., `I\hbox'). Otherwise just continue,
and I'll forget about whatever was undefined.

! Undefined control sequence.
<argument> \dfrac 
                  {1}{1}
l.92 ...{(x-1)^2} \right|_{\vphantom{\dfrac{1}{1}}
                                                   x^{2}+x+1=0} = \dfrac{3x+...
The control sequence at the end of the top line
of your error message was never \def'ed. If you have
misspelled it (e.g., `\hobx'), type `I' and the correct
spelling (e.g., `I\hbox'). Otherwise just continue,
and I'll forget about whatever was undefined.

! Undefined control sequence.
<argument> \dfrac 
                  {1}{1}
l.92 ...{(x-1)^2} \right|_{\vphantom{\dfrac{1}{1}}
                                                   x^{2}+x+1=0} = \dfrac{3x+...
The control sequence at the end of the top line
of your error message was never \def'ed. If you have
misspelled it (e.g., `\hobx'), type `I' and the correct
spelling (e.g., `I\hbox'). Otherwise just continue,
and I'll forget about whatever was undefined.

! Undefined control sequence.
<argument> \dfrac 
                  {1}{1}
l.92 ...{(x-1)^2} \right|_{\vphantom{\dfrac{1}{1}}
                                                   x^{2}+x+1=0} = \dfrac{3x+...
The control sequence at the end of the top line
of your error message was never \def'ed. If you have
misspelled it (e.g., `\hobx'), type `I' and the correct
spelling (e.g., `I\hbox'). Otherwise just continue,
and I'll forget about whatever was undefined.

! Undefined control sequence.
l.92 ...hantom{\dfrac{1}{1}} x^{2}+x+1=0} = \dfrac
                                                  {3x+6}{(x^{2}+x+1)-3x} = -...
The control sequence at the end of the top line
of your error message was never \def'ed. If you have
misspelled it (e.g., `\hobx'), type `I' and the correct
spelling (e.g., `I\hbox'). Otherwise just continue,
and I'll forget about whatever was undefined.

! Undefined control sequence.
l.92 ...} = \dfrac{3x+6}{(x^{2}+x+1)-3x} = -\dfrac
                                                  {x+2}{x} \\[5pt]
The control sequence at the end of the top line
of your error message was never \def'ed. If you have
misspelled it (e.g., `\hobx'), type `I' and the correct
spelling (e.g., `I\hbox'). Otherwise just continue,
and I'll forget about whatever was undefined.

! Misplaced alignment tab character &.
l.93 	&
       =-\dfrac{\left(x+2\right)\left(x+1\right)}{x\left(x+1\right)}=-\dfrac...
I can't figure out why you would want to use a tab mark
here. If you just want an ampersand, the remedy is
simple: Just type `I\&' now. But if some right brace
up above has ended a previous alignment prematurely,
you're probably due for more error messages, and you
might try typing `S' now just to see what is salvageable.

! Undefined control sequence.
l.93 	&=-\dfrac
               {\left(x+2\right)\left(x+1\right)}{x\left(x+1\right)}=-\dfrac...
The control sequence at the end of the top line
of your error message was never \def'ed. If you have
misspelled it (e.g., `\hobx'), type `I' and the correct
spelling (e.g., `I\hbox'). Otherwise just continue,
and I'll forget about whatever was undefined.

! Undefined control sequence.
l.93 ...eft(x+1\right)}{x\left(x+1\right)}=-\dfrac
                                                  {\left(x^{2}+x+1\right)+2x...
The control sequence at the end of the top line
of your error message was never \def'ed. If you have
misspelled it (e.g., `\hobx'), type `I' and the correct
spelling (e.g., `I\hbox'). Otherwise just continue,
and I'll forget about whatever was undefined.


! LaTeX Error: \begin{document} ended by \end{align*}.

See the LaTeX manual or LaTeX Companion for explanation.
Type  H <return>  for immediate help.
 ...                                              
                                                  
l.94 \end{align*}
                 
Your command was ignored.
Type  I <command> <return>  to replace it with another command,
or  <return>  to continue without it.

! Missing $ inserted.
<inserted text> 
                $
l.94 \end{align*}
                 
I've inserted something that you may have forgotten.
(See the <inserted text> above.)
With luck, this will get me unwedged. But if you
really didn't forget anything, try typing `2' now; then
my insertion and my current dilemma will both disappear.


Overfull \hbox (35.04164pt too wide) in paragraph at lines 92--95
[]f$[][] \OT1/cmr/m/n/10 =
 []


Overfull \hbox (118.08893pt too wide) in paragraph at lines 92--95
[][] \OT1/cmr/m/n/10 =
 []


Overfull \hbox (114.56914pt too wide) in paragraph at lines 92--95
[][] \OT1/cmr/m/n/10 =
 []


Overfull \hbox (36.4305pt too wide) in paragraph at lines 92--95
\OMS/cmsy/m/n/10 ^^@[]\OML/cmm/m/it/10 x 
 []


Overfull \hbox (7.7778pt too wide) in paragraph at lines 92--95
\OT1/cmr/m/n/10 =
 []


Overfull \hbox (119.52751pt too wide) in paragraph at lines 92--95
\OMS/cmsy/m/n/10 ^^@[][] \OT1/cmr/m/n/10 =
 []


Overfull \hbox (184.7704pt too wide) in paragraph at lines 92--95
\OMS/cmsy/m/n/10 ^^@[][] \OT1/cmr/m/n/10 =
 []


Overfull \hbox (18.49309pt too wide) in paragraph at lines 92--95
\OT1/cmr/m/n/10 2\OML/cmm/m/it/10 x \OT1/cmr/m/n/10 +
 []


Overfull \hbox (5.00002pt too wide) in paragraph at lines 92--95
\OT1/cmr/m/n/10 1$ 
 []


! LaTeX Error: Environment align* undefined.

See the LaTeX manual or LaTeX Companion for explanation.
Type  H <return>  for immediate help.
 ...                                              
                                                  
l.98 \begin{align*}
                   
Your command was ignored.
Type  I <command> <return>  to replace it with another command,
or  <return>  to continue without it.

! Missing $ inserted.
<inserted text> 
                $
l.99 	f_
        {2}&=\left. \dfrac{3x+6}{x^{2}+x+1} \right|_{\vphantom{\dfrac{1}{1}}...
I've inserted a begin-math/end-math symbol since I think
you left one out. Proceed, with fingers crossed.

! Misplaced alignment tab character &.
l.99 	f_{2}&
            =\left. \dfrac{3x+6}{x^{2}+x+1} \right|_{\vphantom{\dfrac{1}{1}}...
I can't figure out why you would want to use a tab mark
here. If you just want an ampersand, the remedy is
simple: Just type `I\&' now. But if some right brace
up above has ended a previous alignment prematurely,
you're probably due for more error messages, and you
might try typing `S' now just to see what is salvageable.

! Undefined control sequence.
l.99 	f_{2}&=\left. \dfrac
                          {3x+6}{x^{2}+x+1} \right|_{\vphantom{\dfrac{1}{1}}...
The control sequence at the end of the top line
of your error message was never \def'ed. If you have
misspelled it (e.g., `\hobx'), type `I' and the correct
spelling (e.g., `I\hbox'). Otherwise just continue,
and I'll forget about whatever was undefined.

! Undefined control sequence.
<argument> \dfrac 
                  {1}{1}
l.99 ...^{2}+x+1} \right|_{\vphantom{\dfrac{1}{1}}
                                                   \left(x-1\right)^{2}=0} =...
The control sequence at the end of the top line
of your error message was never \def'ed. If you have
misspelled it (e.g., `\hobx'), type `I' and the correct
spelling (e.g., `I\hbox'). Otherwise just continue,
and I'll forget about whatever was undefined.

! Undefined control sequence.
<argument> \dfrac 
                  {1}{1}
l.99 ...^{2}+x+1} \right|_{\vphantom{\dfrac{1}{1}}
                                                   \left(x-1\right)^{2}=0} =...
The control sequence at the end of the top line
of your error message was never \def'ed. If you have
misspelled it (e.g., `\hobx'), type `I' and the correct
spelling (e.g., `I\hbox'). Otherwise just continue,
and I'll forget about whatever was undefined.

! Undefined control sequence.
<argument> \dfrac 
                  {1}{1}
l.99 ...^{2}+x+1} \right|_{\vphantom{\dfrac{1}{1}}
                                                   \left(x-1\right)^{2}=0} =...
The control sequence at the end of the top line
of your error message was never \def'ed. If you have
misspelled it (e.g., `\hobx'), type `I' and the correct
spelling (e.g., `I\hbox'). Otherwise just continue,
and I'll forget about whatever was undefined.

! Undefined control sequence.
<argument> \dfrac 
                  {1}{1}
l.99 ...^{2}+x+1} \right|_{\vphantom{\dfrac{1}{1}}
                                                   \left(x-1\right)^{2}=0} =...
The control sequence at the end of the top line
of your error message was never \def'ed. If you have
misspelled it (e.g., `\hobx'), type `I' and the correct
spelling (e.g., `I\hbox'). Otherwise just continue,
and I'll forget about whatever was undefined.

! Undefined control sequence.
l.99 ...ac{1}{1}} \left(x-1\right)^{2}=0} = \dfrac
                                                  {3x+6}{\left(x^{2}-2x+1\ri...
The control sequence at the end of the top line
of your error message was never \def'ed. If you have
misspelled it (e.g., `\hobx'), type `I' and the correct
spelling (e.g., `I\hbox'). Otherwise just continue,
and I'll forget about whatever was undefined.

! Undefined control sequence.
l.99 ...3x+6}{\left(x^{2}-2x+1\right)+3x} = \dfrac
                                                  {x+2}{x} \\[10pt]
The control sequence at the end of the top line
of your error message was never \def'ed. If you have
misspelled it (e.g., `\hobx'), type `I' and the correct
spelling (e.g., `I\hbox'). Otherwise just continue,
and I'll forget about whatever was undefined.

! Misplaced alignment tab character &.
l.100 	&
        =\dfrac{\left(x+2\right)\left(x-2\right)}{x\left(x-2\right)}=\dfrac{...
I can't figure out why you would want to use a tab mark
here. If you just want an ampersand, the remedy is
simple: Just type `I\&' now. But if some right brace
up above has ended a previous alignment prematurely,
you're probably due for more error messages, and you
might try typing `S' now just to see what is salvageable.

! Undefined control sequence.
l.100 	&=\dfrac
               {\left(x+2\right)\left(x-2\right)}{x\left(x-2\right)}=\dfrac{...
The control sequence at the end of the top line
of your error message was never \def'ed. If you have
misspelled it (e.g., `\hobx'), type `I' and the correct
spelling (e.g., `I\hbox'). Otherwise just continue,
and I'll forget about whatever was undefined.

! Undefined control sequence.
l.100 ...eft(x-2\right)}{x\left(x-2\right)}=\dfrac
                                                  {\left(x^{2}-2x+1\right)+2...
The control sequence at the end of the top line
of your error message was never \def'ed. If you have
misspelled it (e.g., `\hobx'), type `I' and the correct
spelling (e.g., `I\hbox'). Otherwise just continue,
and I'll forget about whatever was undefined.


! LaTeX Error: \begin{document} ended by \end{align*}.

See the LaTeX manual or LaTeX Companion for explanation.
Type  H <return>  for immediate help.
 ...                                              
                                                  
l.101 \end{align*}
                  
Your command was ignored.
Type  I <command> <return>  to replace it with another command,
or  <return>  to continue without it.

! Missing $ inserted.
<inserted text> 
                $
l.101 \end{align*}
                  
I've inserted something that you may have forgotten.
(See the <inserted text> above.)
With luck, this will get me unwedged. But if you
really didn't forget anything, try typing `2' now; then
my insertion and my current dilemma will both disappear.


Overfull \hbox (35.04164pt too wide) in paragraph at lines 99--102
[]f$[][] \OT1/cmr/m/n/10 =
 []


Overfull \hbox (123.93602pt too wide) in paragraph at lines 99--102
[][] \OT1/cmr/m/n/10 =
 []


Overfull \hbox (120.95807pt too wide) in paragraph at lines 99--102
[][] \OT1/cmr/m/n/10 =
 []


Overfull \hbox (28.6527pt too wide) in paragraph at lines 99--102
[]\OML/cmm/m/it/10 x 
 []


Overfull \hbox (7.7778pt too wide) in paragraph at lines 99--102
\OT1/cmr/m/n/10 =
 []


Overfull \hbox (111.74971pt too wide) in paragraph at lines 99--102
[][] \OT1/cmr/m/n/10 =
 []


Overfull \hbox (186.99263pt too wide) in paragraph at lines 99--102
[][] \OT1/cmr/m/n/10 =
 []


Overfull \hbox (26.27089pt too wide) in paragraph at lines 99--102
\OMS/cmsy/m/n/10 ^^@\OT1/cmr/m/n/10 2\OML/cmm/m/it/10 x \OT1/cmr/m/n/10 +
 []


Overfull \hbox (5.00002pt too wide) in paragraph at lines 99--102
\OT1/cmr/m/n/10 5$ 
 []

! Undefined control sequence.
<recently read> \dfrac 
                       
l.103 上述解析中，关于$\dfrac
                                     {f_{1}}{x^{2}+x+1}$这类分母二次式...
The control sequence at the end of the top line
of your error message was never \def'ed. If you have
misspelled it (e.g., `\hobx'), type `I' and the correct
spelling (e.g., `I\hbox'). Otherwise just continue,
and I'll forget about whatever was undefined.

! Undefined control sequence.
<recently read> \dfrac 
                       
l.103 ...况用留数法较为合适，而$\dfrac
                                                  {f_{2}}{\left(x-1\right)^{...
The control sequence at the end of the top line
of your error message was never \def'ed. If you have
misspelled it (e.g., `\hobx'), type `I' and the correct
spelling (e.g., `I\hbox'). Otherwise just continue,
and I'll forget about whatever was undefined.


Overfull \hbox (119.3263pt too wide) in paragraph at lines 103--104
[]上述解析中，关于$[][]$这类分母二次式无实根的情况用留
数法较为合适，而$[][]$这类分母带有重根的情况使用留数法
也可以解，但总归是略显繁琐，推荐使用极限法结合赋值法 

 []

! Undefined control sequence.
l.105 \section
              {关于有理分式拆分中-极限法的介绍}
The control sequence at the end of the top line
of your error message was never \def'ed. If you have
misspelled it (e.g., `\hobx'), type `I' and the correct
spelling (e.g., `I\hbox'). Otherwise just continue,
and I'll forget about whatever was undefined.


Overfull \hbox (20.0pt too wide) in paragraph at lines 105--107
[]关于有理分式拆分中-
 []


Overfull \hbox (24.20827pt too wide) in paragraph at lines 105--107
这里极限法的使用方式为，将两边同时乘上$\OML/cmm/m/it/10 x$\n
ullfont 再取$\OML/cmm/m/it/10 x \OMS/cmsy/m/n/10 !
 []


Overfull \hbox (23.49309pt too wide) in paragraph at lines 105--107
\OT1/cmr/m/n/10 +\OMS/cmsy/m/n/10 1 $\nullfont 即得。由于两边分母关
于$\OML/cmm/m/it/10 x$\nullfont 的阶数不同，得到的结果也不同。
这种极限法也称作为“抓大头法” 
 []


Overfull \hbox (26.79999pt too wide) in paragraph at lines 108--109
[][]
 []


Overfull \hbox (56.57986pt too wide) in paragraph at lines 108--109
若$\OML/cmm/m/it/10 f\OT1/cmr/m/n/10 (\OML/cmm/m/it/10 x\OT1/cmr/m/n/10 )$\nul
lfont 、$\OML/cmm/m/it/10 g\OT1/cmr/m/n/10 (\OML/cmm/m/it/10 x\OT1/cmr/m/n/10 
)$\nullfont 均$\OML/cmm/m/it/10 x \OMS/cmsy/m/n/10 !
 []


Overfull \hbox (23.49309pt too wide) in paragraph at lines 108--109
\OT1/cmr/m/n/10 +\OMS/cmsy/m/n/10 1$\nullfont ，且为关于$\OML/cmm/m/it/10 
x$\nullfont 的多项式，则 
 []


Overfull \hbox (20.0pt too wide) in paragraph at lines 112--112
[][] 
 []

! Undefined control sequence.
l.112 \[lim\dfrac
                 {f}{g}=\dfrac{f中x的最高次项}{g中x的最高次项}\:...
The control sequence at the end of the top line
of your error message was never \def'ed. If you have
misspelled it (e.g., `\hobx'), type `I' and the correct
spelling (e.g., `I\hbox'). Otherwise just continue,
and I'll forget about whatever was undefined.

! Undefined control sequence.
l.112 \[lim\dfrac{f}{g}=\dfrac
                              {f中x的最高次项}{g中x的最高次项}\:...
The control sequence at the end of the top line
of your error message was never \def'ed. If you have
misspelled it (e.g., `\hobx'), type `I' and the correct
spelling (e.g., `I\hbox'). Otherwise just continue,
and I'll forget about whatever was undefined.

Missing character: There is no 中 (U+4E2D) in font cmr10!
Missing character: There is no 的 (U+7684) in font cmr10!
Missing character: There is no 的 (U+7684) in font cmr10!
Missing character: There is no 最 (U+6700) in font cmr10!
Missing character: There is no 最 (U+6700) in font cmr10!
Missing character: There is no 高 (U+9AD8) in font cmr10!
Missing character: There is no 高 (U+9AD8) in font cmr10!
Missing character: There is no 次 (U+6B21) in font cmr10!
Missing character: There is no 次 (U+6B21) in font cmr10!
Missing character: There is no 项 (U+9879) in font cmr10!
Missing character: There is no 中 (U+4E2D) in font cmr10!
Missing character: There is no 的 (U+7684) in font cmr10!
Missing character: There is no 的 (U+7684) in font cmr10!
Missing character: There is no 最 (U+6700) in font cmr10!
Missing character: There is no 最 (U+6700) in font cmr10!
Missing character: There is no 高 (U+9AD8) in font cmr10!
Missing character: There is no 高 (U+9AD8) in font cmr10!
Missing character: There is no 次 (U+6B21) in font cmr10!
Missing character: There is no 次 (U+6B21) in font cmr10!
Missing character: There is no 项 (U+9879) in font cmr10!
Missing character: There is no 老 (U+8001) in font cmr10!
Missing character: There is no 老 (U+8001) in font cmr10!
Missing character: There is no 大 (U+5927) in font cmr10!
Missing character: There is no 大 (U+5927) in font cmr10!
Missing character: There is no ： (U+FF1A) in font cmr10!

Overfull \hbox (77.97406pt too wide) detected at line 112
\OML/cmm/m/it/10 limfg \OT1/cmr/m/n/10 = [][] \OML/cmm/m/it/10 ;   x[]
 []

! Undefined control sequence.
<write> ...eference `liushufa-6' on page \thepage 
                                                  \space undefined\on@line .
l.114 \fbox{题目\ref{liushufa-6}}
                                   
The control sequence at the end of the top line
of your error message was never \def'ed. If you have
misspelled it (e.g., `\hobx'), type `I' and the correct
spelling (e.g., `I\hbox'). Otherwise just continue,
and I'll forget about whatever was undefined.


LaTeX Warning: Reference `liushufa-6' on page  undefined on input line 114.


Overfull \hbox (37.65997pt too wide) in paragraph at lines 114--116
[][]
 []

! Undefined control sequence.
l.117 	\lim\limits_{x\to\infty}\dfrac
                                     {In\left(100x^{50}-2x^{2}+5\right)}{In\...
The control sequence at the end of the top line
of your error message was never \def'ed. If you have
misspelled it (e.g., `\hobx'), type `I' and the correct
spelling (e.g., `I\hbox'). Otherwise just continue,
and I'll forget about whatever was undefined.

! Undefined control sequence.
l.117 ...+1\right)}=\lim\limits_{x\to\infty}\dfrac
                                                  {In\left(100x^{50}\right)}...
The control sequence at the end of the top line
of your error message was never \def'ed. If you have
misspelled it (e.g., `\hobx'), type `I' and the correct
spelling (e.g., `I\hbox'). Otherwise just continue,
and I'll forget about whatever was undefined.

! Undefined control sequence.
l.117 ...0}\right)}=\lim\limits_{x\to\infty}\dfrac
                                                  {\left(In100\right)+50Inx}...
The control sequence at the end of the top line
of your error message was never \def'ed. If you have
misspelled it (e.g., `\hobx'), type `I' and the correct
spelling (e.g., `I\hbox'). Otherwise just continue,
and I'll forget about whatever was undefined.


Overfull \hbox (516.7059pt too wide) detected at line 118
[][] [][] \OT1/cmr/m/n/10 = [] [][] = [] [][] = 5
 []

! Undefined control sequence.
<write> ...eference `liushufa-7' on page \thepage 
                                                  \space undefined\on@line .
l.120 \fbox{题目\ref{liushufa-7}}
                                   
The control sequence at the end of the top line
of your error message was never \def'ed. If you have
misspelled it (e.g., `\hobx'), type `I' and the correct
spelling (e.g., `I\hbox'). Otherwise just continue,
and I'll forget about whatever was undefined.


LaTeX Warning: Reference `liushufa-7' on page  undefined on input line 120.


Overfull \hbox (37.65997pt too wide) in paragraph at lines 120--122
[][]
 []

! Undefined control sequence.
l.123 ...{x}\right)=\lim\limits_{x\to\infty}\dfrac
                                                  {\sqrt{x+\sqrt{x}}}{\sqrt{...
The control sequence at the end of the top line
of your error message was never \def'ed. If you have
misspelled it (e.g., `\hobx'), type `I' and the correct
spelling (e.g., `I\hbox'). Otherwise just continue,
and I'll forget about whatever was undefined.

! Undefined control sequence.
l.123 ...+\sqrt{x}}=\lim\limits_{x\to\infty}\dfrac
                                                  {\sqrt{x}}{\sqrt{x}\:+\sqr...
The control sequence at the end of the top line
of your error message was never \def'ed. If you have
misspelled it (e.g., `\hobx'), type `I' and the correct
spelling (e.g., `I\hbox'). Otherwise just continue,
and I'll forget about whatever was undefined.

! Undefined control sequence.
l.123 ...rac{\sqrt{x}}{\sqrt{x}\:+\sqrt{x}}=\dfrac
                                                  {1}{2}
The control sequence at the end of the top line
of your error message was never \def'ed. If you have
misspelled it (e.g., `\hobx'), type `I' and the correct
spelling (e.g., `I\hbox'). Otherwise just continue,
and I'll forget about whatever was undefined.


Overfull \hbox (427.67967pt too wide) detected at line 124
[][] [] \OT1/cmr/m/n/10 = [] [][] = [] [][] = 12
 []

! Undefined control sequence.
<write> ...eference `liushufa-8' on page \thepage 
                                                  \space undefined\on@line .
l.126 \fbox{题目\ref{liushufa-8}}
                                   
The control sequence at the end of the top line
of your error message was never \def'ed. If you have
misspelled it (e.g., `\hobx'), type `I' and the correct
spelling (e.g., `I\hbox'). Otherwise just continue,
and I'll forget about whatever was undefined.


LaTeX Warning: Reference `liushufa-8' on page  undefined on input line 126.


Overfull \hbox (37.65997pt too wide) in paragraph at lines 126--128
[][]
 []

Missing character: There is no 试 (U+8BD5) in font cmr10!
Missing character: There is no 试 (U+8BD5) in font cmr10!
Missing character: There is no 确 (U+786E) in font cmr10!
Missing character: There is no 确 (U+786E) in font cmr10!
Missing character: There is no 定 (U+5B9A) in font cmr10!
Missing character: There is no 定 (U+5B9A) in font cmr10!
Missing character: There is no 常 (U+5E38) in font cmr10!
Missing character: There is no 常 (U+5E38) in font cmr10!
Missing character: There is no 数 (U+6570) in font cmr10!

Overfull \hbox (214.20314pt too wide) detected at line 130
[][] [] \OT1/cmr/m/n/10 = 0 \OML/cmm/m/it/10 ;  [] ; a; b
 []


Overfull \hbox (20.0pt too wide) in paragraph at lines 134--134
[] 
 []

! Undefined control sequence.
<argument> \scriptsize 
                       解析
l.137 	\fbox{\scriptsize 解析}
                                 \hspace{1em}	$\lim\limits_{x\to\infty}2x-x-...
The control sequence at the end of the top line
of your error message was never \def'ed. If you have
misspelled it (e.g., `\hobx'), type `I' and the correct
spelling (e.g., `I\hbox'). Otherwise just continue,
and I'll forget about whatever was undefined.


Overfull \hbox (6.79999pt too wide) in paragraph at lines 137--138
 [] 
 []


Overfull \hbox (40.63893pt too wide) in paragraph at lines 137--138
 [] \OT1/cmr/m/n/10 2\OML/cmm/m/it/10 x \OMS/cmsy/m/n/10 ^^@ 
 []


Overfull \hbox (13.49307pt too wide) in paragraph at lines 137--138
 \OML/cmm/m/it/10 x \OMS/cmsy/m/n/10 ^^@ 
 []


Overfull \hbox (45.84827pt too wide) in paragraph at lines 137--138
 [] \OT1/cmr/m/n/10 = 
 []


Overfull \hbox (20.84142pt too wide) in paragraph at lines 137--138
 \OT1/cmr/m/n/10 0$\nullfont ,$\OML/cmm/m/it/10 a \OT1/cmr/m/n/10 = 
 []


Overfull \hbox (24.2916pt too wide) in paragraph at lines 137--138
 \OT1/cmr/m/n/10 1\OML/cmm/m/it/10 ; b \OT1/cmr/m/n/10 = 
 []


Overfull \hbox (5.00002pt too wide) in paragraph at lines 137--138
 \OT1/cmr/m/n/10 0$ 
 []


Overfull \hbox (46.19449pt too wide) in paragraph at lines 140--141
[]通过以上三个例子的示例，我们看到抓大头法要关注$\OML/cm
m/m/it/10 x$\nullfont 的最高次项，也即抓主要决定因素，忽略
次要因素。当$[]$,若分子阶数比分母阶数少，则分式值为0；
若分子阶数和分母阶数相同，则分式值为常数 
 []

! Undefined control sequence.
l.142 \section
              {极限法(抓大头)+赋值法}
The control sequence at the end of the top line
of your error message was never \def'ed. If you have
misspelled it (e.g., `\hobx'), type `I' and the correct
spelling (e.g., `I\hbox'). Otherwise just continue,
and I'll forget about whatever was undefined.


Overfull \hbox (20.0pt too wide) in paragraph at lines 142--143
[]极限法(抓大头)+赋值法 
 []


Overfull \hbox (26.79999pt too wide) in paragraph at lines 144--145
[][]
 []


Overfull \hbox (24.20827pt too wide) in paragraph at lines 144--145
式子两边同乘$\OML/cmm/m/it/10 x$\nullfont ,取$\OML/cmm/m/it/10 x \OMS/cm
sy/m/n/10 !
 []


Overfull \hbox (10.00002pt too wide) in paragraph at lines 144--145
\OMS/cmsy/m/n/10 1$\nullfont 的极限 
 []


Overfull \hbox (26.79999pt too wide) in paragraph at lines 148--149
[][]
 []


Overfull \hbox (26.79999pt too wide) in paragraph at lines 152--153
[][]
 []

! Undefined control sequence.
l.154 \subsection
                 {拆分原则}
The control sequence at the end of the top line
of your error message was never \def'ed. If you have
misspelled it (e.g., `\hobx'), type `I' and the correct
spelling (e.g., `I\hbox'). Otherwise just continue,
and I'll forget about whatever was undefined.


Overfull \hbox (20.0pt too wide) in paragraph at lines 154--155
[]拆分原则 
 []


Overfull \hbox (20.0pt too wide) in paragraph at lines 156--156
[] 
 []

! Undefined control sequence.
<write> ...eference `liushufa-4' on page \thepage 
                                                  \space undefined\on@line .
l.161 如题目\ref{liushufa-4}
                               
The control sequence at the end of the top line
of your error message was never \def'ed. If you have
misspelled it (e.g., `\hobx'), type `I' and the correct
spelling (e.g., `I\hbox'). Otherwise just continue,
and I'll forget about whatever was undefined.


LaTeX Warning: Reference `liushufa-4' on page  undefined on input line 161.


Overfull \hbox (30.85999pt too wide) in paragraph at lines 161--162
[]如题目[] 
 []


Overfull \hbox (20.0pt too wide) in paragraph at lines 165--165
[][] 
 []

! Undefined control sequence.
l.165 \[\dfrac
              {4x^{2}-6x-1}{\left(x+1\right)\left(2x-1\right)^{2}}=\dfrac{f}...
The control sequence at the end of the top line
of your error message was never \def'ed. If you have
misspelled it (e.g., `\hobx'), type `I' and the correct
spelling (e.g., `I\hbox'). Otherwise just continue,
and I'll forget about whatever was undefined.

! Undefined control sequence.
l.165 ...t(x+1\right)\left(2x-1\right)^{2}}=\dfrac
                                                  {f}{x+1}+\dfrac{A}{\left(2...
The control sequence at the end of the top line
of your error message was never \def'ed. If you have
misspelled it (e.g., `\hobx'), type `I' and the correct
spelling (e.g., `I\hbox'). Otherwise just continue,
and I'll forget about whatever was undefined.

! Undefined control sequence.
l.165 ...ft(2x-1\right)^{2}}=\dfrac{f}{x+1}+\dfrac
                                                  {A}{\left(2x-1\right)^{2}}...
The control sequence at the end of the top line
of your error message was never \def'ed. If you have
misspelled it (e.g., `\hobx'), type `I' and the correct
spelling (e.g., `I\hbox'). Otherwise just continue,
and I'll forget about whatever was undefined.

! Undefined control sequence.
l.165 ...}+\dfrac{A}{\left(2x-1\right)^{2}}+\dfrac
                                                  {B}{2x-1}\]
The control sequence at the end of the top line
of your error message was never \def'ed. If you have
misspelled it (e.g., `\hobx'), type `I' and the correct
spelling (e.g., `I\hbox'). Otherwise just continue,
and I'll forget about whatever was undefined.


Overfull \hbox (269.46835pt too wide) detected at line 165
[][] \OT1/cmr/m/n/10 = \OML/cmm/m/it/10 f[] \OT1/cmr/m/n/10 + \OML/cmm/m/it/10 
A[] \OT1/cmr/m/n/10 + \OML/cmm/m/it/10 B[]
 []

! Undefined control sequence.
<write> ...eference `liushufa-5' on page \thepage 
                                                  \space undefined\on@line .
l.167 如题目\ref{liushufa-5}
                               
The control sequence at the end of the top line
of your error message was never \def'ed. If you have
misspelled it (e.g., `\hobx'), type `I' and the correct
spelling (e.g., `I\hbox'). Otherwise just continue,
and I'll forget about whatever was undefined.


LaTeX Warning: Reference `liushufa-5' on page  undefined on input line 167.


Overfull \hbox (30.85999pt too wide) in paragraph at lines 167--168
[]如题目[] 
 []


Overfull \hbox (20.0pt too wide) in paragraph at lines 171--171
[][] 
 []

! Undefined control sequence.
l.171 \[\dfrac
              {3x+6}{\left(x-1\right)^{2}\left(x^{2}+x+1\right)}=\dfrac{f}{x...
The control sequence at the end of the top line
of your error message was never \def'ed. If you have
misspelled it (e.g., `\hobx'), type `I' and the correct
spelling (e.g., `I\hbox'). Otherwise just continue,
and I'll forget about whatever was undefined.

! Undefined control sequence.
l.171 ...\right)^{2}\left(x^{2}+x+1\right)}=\dfrac
                                                  {f}{x^{2}+x+1}+\dfrac{B}{\...
The control sequence at the end of the top line
of your error message was never \def'ed. If you have
misspelled it (e.g., `\hobx'), type `I' and the correct
spelling (e.g., `I\hbox'). Otherwise just continue,
and I'll forget about whatever was undefined.

! Undefined control sequence.
l.171 ...}+x+1\right)}=\dfrac{f}{x^{2}+x+1}+\dfrac
                                                  {B}{\left(x-1\right)^{2}}+...
The control sequence at the end of the top line
of your error message was never \def'ed. If you have
misspelled it (e.g., `\hobx'), type `I' and the correct
spelling (e.g., `I\hbox'). Otherwise just continue,
and I'll forget about whatever was undefined.

! Undefined control sequence.
l.171 ...1}+\dfrac{B}{\left(x-1\right)^{2}}+\dfrac
                                                  {A}{x-1}\]
The control sequence at the end of the top line
of your error message was never \def'ed. If you have
misspelled it (e.g., `\hobx'), type `I' and the correct
spelling (e.g., `I\hbox'). Otherwise just continue,
and I'll forget about whatever was undefined.


Overfull \hbox (273.28075pt too wide) detected at line 171
[][] \OT1/cmr/m/n/10 = \OML/cmm/m/it/10 f[] \OT1/cmr/m/n/10 + \OML/cmm/m/it/10 
B[] \OT1/cmr/m/n/10 + \OML/cmm/m/it/10 A[]
 []

! Undefined control sequence.
l.173 \section
              {各种拆分类型-例题讲解}
The control sequence at the end of the top line
of your error message was never \def'ed. If you have
misspelled it (e.g., `\hobx'), type `I' and the correct
spelling (e.g., `I\hbox'). Otherwise just continue,
and I'll forget about whatever was undefined.


Overfull \hbox (20.0pt too wide) in paragraph at lines 173--174
[]各种拆分类型-
 []

! Undefined control sequence.
<recently read> \dfrac 
                       
l.175 有理分式 $\dfrac
                          {f}{P\cdot Q}$\hspace{0.2em}, \hspace{0.5em} $f,P,...
The control sequence at the end of the top line
of your error message was never \def'ed. If you have
misspelled it (e.g., `\hobx'), type `I' and the correct
spelling (e.g., `I\hbox'). Otherwise just continue,
and I'll forget about whatever was undefined.


Overfull \hbox (20.0pt too wide) in paragraph at lines 175--176
[]有理分式
 []


Overfull \hbox (28.90897pt too wide) in paragraph at lines 175--176
\OML/cmm/m/it/10 f[]$
 []


Overfull \hbox (34.62425pt too wide) in paragraph at lines 175--176
\OML/cmm/m/it/10 f; P; Q$\nullfont 均为关于$\OML/cmm/m/it/10 x$\nullfont 
的多项式 
 []

! Undefined control sequence.
l.177 \subsection
                 {若$P,Q$为一次式$ax+b$且$\dfrac{f}{P\cdot Q}$}
The control sequence at the end of the top line
of your error message was never \def'ed. If you have
misspelled it (e.g., `\hobx'), type `I' and the correct
spelling (e.g., `I\hbox'). Otherwise just continue,
and I'll forget about whatever was undefined.

! Undefined control sequence.
<recently read> \dfrac 
                       
l.177 ...tion{若$P,Q$为一次式$ax+b$且$\dfrac
                                                  {f}{P\cdot Q}$}
The control sequence at the end of the top line
of your error message was never \def'ed. If you have
misspelled it (e.g., `\hobx'), type `I' and the correct
spelling (e.g., `I\hbox'). Otherwise just continue,
and I'll forget about whatever was undefined.


Overfull \hbox (57.82683pt too wide) in paragraph at lines 177--178
[]若$\OML/cmm/m/it/10 P; Q$\nullfont 为一次式$\OML/cmm/m/it/10 ax \OT1/cmr
/m/n/10 +
 []


Overfull \hbox (33.20062pt too wide) in paragraph at lines 177--178
\OML/cmm/m/it/10 b$\nullfont 且$\OML/cmm/m/it/10 f[]$ 
 []


Overfull \hbox (20.0pt too wide) in paragraph at lines 179--179
[] 
 []

! Undefined control sequence.
<recently read> \dfrac 
                       
l.180 	$\dfrac
              {f}{P\cdot Q}=\dfrac{f_{1}}{P}+\dfrac{f_{2}}{Q}$\hspace{0.3em}...
The control sequence at the end of the top line
of your error message was never \def'ed. If you have
misspelled it (e.g., `\hobx'), type `I' and the correct
spelling (e.g., `I\hbox'). Otherwise just continue,
and I'll forget about whatever was undefined.

! Undefined control sequence.
l.180 	$\dfrac{f}{P\cdot Q}=\dfrac
                                  {f_{1}}{P}+\dfrac{f_{2}}{Q}$\hspace{0.3em}...
The control sequence at the end of the top line
of your error message was never \def'ed. If you have
misspelled it (e.g., `\hobx'), type `I' and the correct
spelling (e.g., `I\hbox'). Otherwise just continue,
and I'll forget about whatever was undefined.

! Undefined control sequence.
l.180 ...frac{f}{P\cdot Q}=\dfrac{f_{1}}{P}+\dfrac
                                                  {f_{2}}{Q}$\hspace{0.3em},...
The control sequence at the end of the top line
of your error message was never \def'ed. If you have
misspelled it (e.g., `\hobx'), type `I' and the correct
spelling (e.g., `I\hbox'). Otherwise just continue,
and I'll forget about whatever was undefined.

! Undefined control sequence.
<write> ...eference `liushufa-1' on page \thepage 
                                                  \space undefined\on@line .
l.180 ...ox{题目}\hspace{0.5em} \ref{liushufa-1}
                                                  、\ref{liushufa-2}、\ref...
The control sequence at the end of the top line
of your error message was never \def'ed. If you have
misspelled it (e.g., `\hobx'), type `I' and the correct
spelling (e.g., `I\hbox'). Otherwise just continue,
and I'll forget about whatever was undefined.


LaTeX Warning: Reference `liushufa-1' on page  undefined on input line 180.

! Undefined control sequence.
<write> ...eference `liushufa-2' on page \thepage 
                                                  \space undefined\on@line .
l.180 ....5em} \ref{liushufa-1}、\ref{liushufa-2}
                                                  、\ref{liushufa-3}
The control sequence at the end of the top line
of your error message was never \def'ed. If you have
misspelled it (e.g., `\hobx'), type `I' and the correct
spelling (e.g., `I\hbox'). Otherwise just continue,
and I'll forget about whatever was undefined.


LaTeX Warning: Reference `liushufa-2' on page  undefined on input line 180.

! Undefined control sequence.
<write> ...eference `liushufa-3' on page \thepage 
                                                  \space undefined\on@line .
l.180 ...-1}、\ref{liushufa-2}、\ref{liushufa-3}
                                                  
The control sequence at the end of the top line
of your error message was never \def'ed. If you have
misspelled it (e.g., `\hobx'), type `I' and the correct
spelling (e.g., `I\hbox'). Otherwise just continue,
and I'll forget about whatever was undefined.


LaTeX Warning: Reference `liushufa-3' on page  undefined on input line 180.


Overfull \hbox (39.46448pt too wide) in paragraph at lines 180--181
 \OML/cmm/m/it/10 f[] \OT1/cmr/m/n/10 = 
 []


Overfull \hbox (24.96883pt too wide) in paragraph at lines 180--181
 []\OML/cmm/m/it/10 P \OT1/cmr/m/n/10 + 
 []


Overfull \hbox (17.28754pt too wide) in paragraph at lines 180--181
 []\OML/cmm/m/it/10 Q$ 
 []


Overfull \hbox (23.20839pt too wide) in paragraph at lines 180--181
 \OML/cmm/m/it/10 f[]; f[]$\nullfont 用留数法,如 
 []


Overfull \hbox (6.79999pt too wide) in paragraph at lines 180--181
 [] 
 []


Overfull \hbox (32.57996pt too wide) in paragraph at lines 180--181
 []、[]、[] 
 []

! Undefined control sequence.
l.183 \subsection
                 {若$P,Q$为一次式$ax+b$且$\dfrac{f}{P\cdot Q^2}$}
The control sequence at the end of the top line
of your error message was never \def'ed. If you have
misspelled it (e.g., `\hobx'), type `I' and the correct
spelling (e.g., `I\hbox'). Otherwise just continue,
and I'll forget about whatever was undefined.

! Undefined control sequence.
<recently read> \dfrac 
                       
l.183 ...tion{若$P,Q$为一次式$ax+b$且$\dfrac
                                                  {f}{P\cdot Q^2}$}
The control sequence at the end of the top line
of your error message was never \def'ed. If you have
misspelled it (e.g., `\hobx'), type `I' and the correct
spelling (e.g., `I\hbox'). Otherwise just continue,
and I'll forget about whatever was undefined.


Overfull \hbox (57.82683pt too wide) in paragraph at lines 183--184
[]若$\OML/cmm/m/it/10 P; Q$\nullfont 为一次式$\OML/cmm/m/it/10 ax \OT1/cmr
/m/n/10 +
 []


Overfull \hbox (37.68675pt too wide) in paragraph at lines 183--184
\OML/cmm/m/it/10 b$\nullfont 且$\OML/cmm/m/it/10 f[]$ 
 []


Overfull \hbox (20.0pt too wide) in paragraph at lines 187--187
[] 
 []

! Undefined control sequence.
<recently read> \dfrac 
                       
l.188 	$\dfrac
              {f}{P\cdot Q^{2}}=\dfrac{f_{1}}{P}+\dfrac{A}{Q^{2}}+\dfrac{B}{Q}$
The control sequence at the end of the top line
of your error message was never \def'ed. If you have
misspelled it (e.g., `\hobx'), type `I' and the correct
spelling (e.g., `I\hbox'). Otherwise just continue,
and I'll forget about whatever was undefined.

! Undefined control sequence.
l.188 	$\dfrac{f}{P\cdot Q^{2}}=\dfrac
                                      {f_{1}}{P}+\dfrac{A}{Q^{2}}+\dfrac{B}{Q}$
The control sequence at the end of the top line
of your error message was never \def'ed. If you have
misspelled it (e.g., `\hobx'), type `I' and the correct
spelling (e.g., `I\hbox'). Otherwise just continue,
and I'll forget about whatever was undefined.

! Undefined control sequence.
l.188 ...{f}{P\cdot Q^{2}}=\dfrac{f_{1}}{P}+\dfrac
                                                  {A}{Q^{2}}+\dfrac{B}{Q}$
The control sequence at the end of the top line
of your error message was never \def'ed. If you have
misspelled it (e.g., `\hobx'), type `I' and the correct
spelling (e.g., `I\hbox'). Otherwise just continue,
and I'll forget about whatever was undefined.

! Undefined control sequence.
l.188 ...=\dfrac{f_{1}}{P}+\dfrac{A}{Q^{2}}+\dfrac
                                                  {B}{Q}$
The control sequence at the end of the top line
of your error message was never \def'ed. If you have
misspelled it (e.g., `\hobx'), type `I' and the correct
spelling (e.g., `I\hbox'). Otherwise just continue,
and I'll forget about whatever was undefined.


Overfull \hbox (43.9506pt too wide) in paragraph at lines 188--189
 \OML/cmm/m/it/10 f[] \OT1/cmr/m/n/10 = 
 []


Overfull \hbox (24.96883pt too wide) in paragraph at lines 188--189
 []\OML/cmm/m/it/10 P \OT1/cmr/m/n/10 + 
 []


Overfull \hbox (27.6695pt too wide) in paragraph at lines 188--189
 \OML/cmm/m/it/10 A[] \OT1/cmr/m/n/10 + 
 []


Overfull \hbox (15.99236pt too wide) in paragraph at lines 188--189
 \OML/cmm/m/it/10 BQ$ 
 []




! LaTeX Error: The font size command \normalsize is not defined:
               there is probably something wrong with the class file.

See the LaTeX manual or LaTeX Companion for explanation.
Type  H <return>  for immediate help.
 ...                                              
                                                  
l.191 \clearpage
                
Your command was ignored.
Type  I <command> <return>  to replace it with another command,
or  <return>  to continue without it.

[2


Missing character: There is no 题 (U+9898) in font nullfont!
Missing character: There is no 目 (U+76EE) in font nullfont!
! Undefined control sequence.
<write> \newlabel{liushufa-1}{{1}{\thepage 
                                           }{}{equation.1}{}}
l.191 \clearpage
                
The control sequence at the end of the top line
of your error message was never \def'ed. If you have
misspelled it (e.g., `\hobx'), type `I' and the correct
spelling (e.g., `I\hbox'). Otherwise just continue,
and I'll forget about whatever was undefined.

\newlabel{liushufa-1}{{1}{}{}{equation.1}{}}
Missing character: There is no 题 (U+9898) in font nullfont!
Missing character: There is no 目 (U+76EE) in font nullfont!
! Undefined control sequence.
<write> \newlabel{liushufa-2}{{2}{\thepage 
                                           }{}{equation.2}{}}
l.191 \clearpage
                
The control sequence at the end of the top line
of your error message was never \def'ed. If you have
misspelled it (e.g., `\hobx'), type `I' and the correct
spelling (e.g., `I\hbox'). Otherwise just continue,
and I'll forget about whatever was undefined.

\newlabel{liushufa-2}{{2}{}{}{equation.2}{}}
Missing character: There is no 题 (U+9898) in font nullfont!
Missing character: There is no 目 (U+76EE) in font nullfont!
! Undefined control sequence.
<write> \newlabel{liushufa-3}{{3}{\thepage 
                                           }{}{equation.3}{}}
l.191 \clearpage
                
The control sequence at the end of the top line
of your error message was never \def'ed. If you have
misspelled it (e.g., `\hobx'), type `I' and the correct
spelling (e.g., `I\hbox'). Otherwise just continue,
and I'll forget about whatever was undefined.

\newlabel{liushufa-3}{{3}{}{}{equation.3}{}}
Missing character: There is no 题 (U+9898) in font nullfont!
Missing character: There is no 目 (U+76EE) in font nullfont!
! Undefined control sequence.
<write> \newlabel{liushufa-4}{{4}{\thepage 
                                           }{}{equation.4}{}}
l.191 \clearpage
                
The control sequence at the end of the top line
of your error message was never \def'ed. If you have
misspelled it (e.g., `\hobx'), type `I' and the correct
spelling (e.g., `I\hbox'). Otherwise just continue,
and I'll forget about whatever was undefined.

\newlabel{liushufa-4}{{4}{}{}{equation.4}{}}
Missing character: There is no 如 (U+5982) in font nullfont!
Missing character: There is no 式 (U+5F0F) in font nullfont!
Missing character: There is no 子 (U+5B50) in font nullfont!
Missing character: There is no 所 (U+6240) in font nullfont!
Missing character: There is no 示 (U+793A) in font nullfont!
Missing character: There is no ， (U+FF0C) in font nullfont!
Missing character: There is no 系 (U+7CFB) in font nullfont!
Missing character: There is no 数 (U+6570) in font nullfont!
Missing character: There is no 是 (U+662F) in font nullfont!
Missing character: There is no 由 (U+7531) in font nullfont!
Missing character: There is no 下 (U+4E0B) in font nullfont!
Missing character: There is no 式 (U+5F0F) in font nullfont!
Missing character: There is no 得 (U+5F97) in font nullfont!
Missing character: There is no 来 (U+6765) in font nullfont!
Missing character: There is no 的 (U+7684) in font nullfont!
Missing character: There is no ， (U+FF0C) in font nullfont!
Missing character: There is no 对 (U+5BF9) in font nullfont!
Missing character: There is no 于 (U+4E8E) in font nullfont!
Missing character: There is no 分 (U+5206) in font nullfont!
Missing character: There is no 子 (U+5B50) in font nullfont!
Missing character: There is no 式 (U+5F0F) in font nullfont!
Missing character: There is no 求 (U+6C42) in font nullfont!
Missing character: There is no 解 (U+89E3) in font nullfont!
Missing character: There is no 中 (U+4E2D) in font nullfont!
Missing character: There is no ， (U+FF0C) in font nullfont!
Missing character: There is no 将 (U+5C06) in font nullfont!
Missing character: There is no 整 (U+6574) in font nullfont!
Missing character: There is no 体 (U+4F53) in font nullfont!
Missing character: There is no 作 (U+4F5C) in font nullfont!
Missing character: There is no 为 (U+4E3A) in font nullfont!
Missing character: There is no 0 (U+0030) in font nullfont!
Missing character: There is no 处 (U+5904) in font nullfont!
Missing character: There is no 理 (U+7406) in font nullfont!
Missing character: There is no 题 (U+9898) in font nullfont!
Missing character: There is no 目 (U+76EE) in font nullfont!
Missing character: There is no ( (U+0028) in font nullfont!
Missing character: There is no 2 (U+0032) in font nullfont!
Missing character: There is no 0 (U+0030) in font nullfont!
Missing character: There is no 1 (U+0031) in font nullfont!
Missing character: There is no 9 (U+0039) in font nullfont!
Missing character: There is no · (U+00B7) in font nullfont!
Missing character: There is no 数 (U+6570) in font nullfont!
Missing character: There is no 二 (U+4E8C) in font nullfont!
Missing character: There is no ) (U+0029) in font nullfont!
! Undefined control sequence.
<write> \newlabel{liushufa-5}{{5}{\thepage 
                                           }{}{equation.5}{}}
l.191 \clearpage
                
The control sequence at the end of the top line
of your error message was never \def'ed. If you have
misspelled it (e.g., `\hobx'), type `I' and the correct
spelling (e.g., `I\hbox'). Otherwise just continue,
and I'll forget about whatever was undefined.

\newlabel{liushufa-5}{{5}{}{}{equation.5}{}}
Missing character: There is no f (U+0066) in font nullfont!
Missing character: There is no f (U+0066) in font nullfont!
Missing character: There is no 上 (U+4E0A) in font nullfont!
Missing character: There is no 述 (U+8FF0) in font nullfont!
Missing character: There is no 解 (U+89E3) in font nullfont!
Missing character: There is no 析 (U+6790) in font nullfont!
Missing character: There is no 中 (U+4E2D) in font nullfont!
Missing character: There is no ， (U+FF0C) in font nullfont!
Missing character: There is no 关 (U+5173) in font nullfont!
Missing character: There is no 于 (U+4E8E) in font nullfont!
Missing character: There is no 这 (U+8FD9) in font nullfont!
Missing character: There is no 类 (U+7C7B) in font nullfont!
Missing character: There is no 分 (U+5206) in font nullfont!
Missing character: There is no 母 (U+6BCD) in font nullfont!
Missing character: There is no 二 (U+4E8C) in font nullfont!
Missing character: There is no 次 (U+6B21) in font nullfont!
Missing character: There is no 式 (U+5F0F) in font nullfont!
Missing character: There is no 无 (U+65E0) in font nullfont!
Missing character: There is no 实 (U+5B9E) in font nullfont!
Missing character: There is no 根 (U+6839) in font nullfont!
Missing character: There is no 的 (U+7684) in font nullfont!
Missing character: There is no 情 (U+60C5) in font nullfont!
Missing character: There is no 况 (U+51B5) in font nullfont!
Missing character: There is no 用 (U+7528) in font nullfont!
Missing character: There is no 留 (U+7559) in font nullfont!
Missing character: There is no 数 (U+6570) in font nullfont!
Missing character: There is no 法 (U+6CD5) in font nullfont!
Missing character: There is no 较 (U+8F83) in font nullfont!
Missing character: There is no 为 (U+4E3A) in font nullfont!
Missing character: There is no 合 (U+5408) in font nullfont!
Missing character: There is no 适 (U+9002) in font nullfont!
Missing character: There is no ， (U+FF0C) in font nullfont!
Missing character: There is no 而 (U+800C) in font nullfont!
Missing character: There is no 这 (U+8FD9) in font nullfont!
Missing character: There is no 类 (U+7C7B) in font nullfont!
Missing character: There is no 分 (U+5206) in font nullfont!
Missing character: There is no 母 (U+6BCD) in font nullfont!
Missing character: There is no 带 (U+5E26) in font nullfont!
Missing character: There is no 有 (U+6709) in font nullfont!
Missing character: There is no 重 (U+91CD) in font nullfont!
Missing character: There is no 根 (U+6839) in font nullfont!
Missing character: There is no 的 (U+7684) in font nullfont!
Missing character: There is no 情 (U+60C5) in font nullfont!
Missing character: There is no 况 (U+51B5) in font nullfont!
Missing character: There is no 使 (U+4F7F) in font nullfont!
Missing character: There is no 用 (U+7528) in font nullfont!
Missing character: There is no 留 (U+7559) in font nullfont!
Missing character: There is no 数 (U+6570) in font nullfont!
Missing character: There is no 法 (U+6CD5) in font nullfont!
Missing character: There is no 也 (U+4E5F) in font nullfont!
Missing character: There is no 可 (U+53EF) in font nullfont!
Missing character: There is no 以 (U+4EE5) in font nullfont!
Missing character: There is no 解 (U+89E3) in font nullfont!
Missing character: There is no ， (U+FF0C) in font nullfont!
Missing character: There is no 但 (U+4F46) in font nullfont!
Missing character: There is no 总 (U+603B) in font nullfont!
Missing character: There is no 归 (U+5F52) in font nullfont!
Missing character: There is no 是 (U+662F) in font nullfont!
Missing character: There is no 略 (U+7565) in font nullfont!
Missing character: There is no 显 (U+663E) in font nullfont!
Missing character: There is no 繁 (U+7E41) in font nullfont!
Missing character: There is no 琐 (U+7410) in font nullfont!
Missing character: There is no ， (U+FF0C) in font nullfont!
Missing character: There is no 推 (U+63A8) in font nullfont!
Missing character: There is no 荐 (U+8350) in font nullfont!
Missing character: There is no 使 (U+4F7F) in font nullfont!
Missing character: There is no 用 (U+7528) in font nullfont!
Missing character: There is no 极 (U+6781) in font nullfont!
Missing character: There is no 限 (U+9650) in font nullfont!
Missing character: There is no 法 (U+6CD5) in font nullfont!
Missing character: There is no 结 (U+7ED3) in font nullfont!
Missing character: There is no 合 (U+5408) in font nullfont!
Missing character: There is no 赋 (U+8D4B) in font nullfont!
Missing character: There is no 值 (U+503C) in font nullfont!
Missing character: There is no 法 (U+6CD5) in font nullfont!
Missing character: There is no 关 (U+5173) in font nullfont!
Missing character: There is no 于 (U+4E8E) in font nullfont!
Missing character: There is no 有 (U+6709) in font nullfont!
Missing character: There is no 理 (U+7406) in font nullfont!
Missing character: There is no 分 (U+5206) in font nullfont!
Missing character: There is no 式 (U+5F0F) in font nullfont!
Missing character: There is no 拆 (U+62C6) in font nullfont!
Missing character: There is no 分 (U+5206) in font nullfont!
Missing character: There is no 中 (U+4E2D) in font nullfont!
Missing character: There is no - (U+002D) in font nullfont!
Missing character: There is no 极 (U+6781) in font nullfont!
Missing character: There is no 限 (U+9650) in font nullfont!
Missing character: There is no 法 (U+6CD5) in font nullfont!
Missing character: There is no 的 (U+7684) in font nullfont!
Missing character: There is no 介 (U+4ECB) in font nullfont!
Missing character: There is no 绍 (U+7ECD) in font nullfont!
Missing character: There is no 这 (U+8FD9) in font nullfont!
Missing character: There is no 里 (U+91CC) in font nullfont!
Missing character: There is no 极 (U+6781) in font nullfont!
Missing character: There is no 限 (U+9650) in font nullfont!
Missing character: There is no 法 (U+6CD5) in font nullfont!
Missing character: There is no 的 (U+7684) in font nullfont!
Missing character: There is no 使 (U+4F7F) in font nullfont!
Missing character: There is no 用 (U+7528) in font nullfont!
Missing character: There is no 方 (U+65B9) in font nullfont!
Missing character: There is no 式 (U+5F0F) in font nullfont!
Missing character: There is no 为 (U+4E3A) in font nullfont!
Missing character: There is no ， (U+FF0C) in font nullfont!
Missing character: There is no 将 (U+5C06) in font nullfont!
Missing character: There is no 两 (U+4E24) in font nullfont!
Missing character: There is no 边 (U+8FB9) in font nullfont!
Missing character: There is no 同 (U+540C) in font nullfont!
Missing character: There is no 时 (U+65F6) in font nullfont!
Missing character: There is no 乘 (U+4E58) in font nullfont!
Missing character: There is no 上 (U+4E0A) in font nullfont!
Missing character: There is no 再 (U+518D) in font nullfont!
Missing character: There is no 取 (U+53D6) in font nullfont!
Missing character: There is no 即 (U+5373) in font nullfont!
Missing character: There is no 得 (U+5F97) in font nullfont!
Missing character: There is no 。 (U+3002) in font nullfont!
Missing character: There is no 由 (U+7531) in font nullfont!
Missing character: There is no 于 (U+4E8E) in font nullfont!
Missing character: There is no 两 (U+4E24) in font nullfont!
Missing character: There is no 边 (U+8FB9) in font nullfont!
Missing character: There is no 分 (U+5206) in font nullfont!
Missing character: There is no 母 (U+6BCD) in font nullfont!
Missing character: There is no 关 (U+5173) in font nullfont!
Missing character: There is no 于 (U+4E8E) in font nullfont!
Missing character: There is no 的 (U+7684) in font nullfont!
Missing character: There is no 阶 (U+9636) in font nullfont!
Missing character: There is no 数 (U+6570) in font nullfont!
Missing character: There is no 不 (U+4E0D) in font nullfont!
Missing character: There is no 同 (U+540C) in font nullfont!
Missing character: There is no ， (U+FF0C) in font nullfont!
Missing character: There is no 得 (U+5F97) in font nullfont!
Missing character: There is no 到 (U+5230) in font nullfont!
Missing character: There is no 的 (U+7684) in font nullfont!
Missing character: There is no 结 (U+7ED3) in font nullfont!
Missing character: There is no 果 (U+679C) in font nullfont!
Missing character: There is no 也 (U+4E5F) in font nullfont!
Missing character: There is no 不 (U+4E0D) in font nullfont!
Missing character: There is no 同 (U+540C) in font nullfont!
Missing character: There is no 。 (U+3002) in font nullfont!
Missing character: There is no 这 (U+8FD9) in font nullfont!
Missing character: There is no 种 (U+79CD) in font nullfont!
Missing character: There is no 极 (U+6781) in font nullfont!
Missing character: There is no 限 (U+9650) in font nullfont!
Missing character: There is no 法 (U+6CD5) in font nullfont!
Missing character: There is no 也 (U+4E5F) in font nullfont!
Missing character: There is no 称 (U+79F0) in font nullfont!
Missing character: There is no 作 (U+4F5C) in font nullfont!
Missing character: There is no 为 (U+4E3A) in font nullfont!
Missing character: There is no “ (U+201C) in font nullfont!
Missing character: There is no 抓 (U+6293) in font nullfont!
Missing character: There is no 大 (U+5927) in font nullfont!
Missing character: There is no 头 (U+5934) in font nullfont!
Missing character: There is no 法 (U+6CD5) in font nullfont!
Missing character: There is no ” (U+201D) in font nullfont!
Missing character: There is no 抓 (U+6293) in font nullfont!
Missing character: There is no 大 (U+5927) in font nullfont!
Missing character: There is no 头 (U+5934) in font nullfont!
Missing character: There is no 定 (U+5B9A) in font nullfont!
Missing character: There is no 义 (U+4E49) in font nullfont!
Missing character: There is no 若 (U+82E5) in font nullfont!
Missing character: There is no 、 (U+3001) in font nullfont!
Missing character: There is no 均 (U+5747) in font nullfont!
Missing character: There is no ， (U+FF0C) in font nullfont!
Missing character: There is no 且 (U+4E14) in font nullfont!
Missing character: There is no 为 (U+4E3A) in font nullfont!
Missing character: There is no 关 (U+5173) in font nullfont!
Missing character: There is no 于 (U+4E8E) in font nullfont!
Missing character: There is no 的 (U+7684) in font nullfont!
Missing character: There is no 多 (U+591A) in font nullfont!
Missing character: There is no 项 (U+9879) in font nullfont!
Missing character: There is no 式 (U+5F0F) in font nullfont!
Missing character: There is no ， (U+FF0C) in font nullfont!
Missing character: There is no 则 (U+5219) in font nullfont!
Missing character: There is no 题 (U+9898) in font nullfont!
Missing character: There is no 目 (U+76EE) in font nullfont!
! Undefined control sequence.
<write> \newlabel{liushufa-6}{{6}{\thepage 
                                           }{}{equation.6}{}}
l.191 \clearpage
                
The control sequence at the end of the top line
of your error message was never \def'ed. If you have
misspelled it (e.g., `\hobx'), type `I' and the correct
spelling (e.g., `I\hbox'). Otherwise just continue,
and I'll forget about whatever was undefined.

\newlabel{liushufa-6}{{6}{}{}{equation.6}{}}
Missing character: There is no 题 (U+9898) in font nullfont!
Missing character: There is no 目 (U+76EE) in font nullfont!
! Undefined control sequence.
<write> \newlabel{liushufa-7}{{7}{\thepage 
                                           }{}{equation.7}{}}
l.191 \clearpage
                
The control sequence at the end of the top line
of your error message was never \def'ed. If you have
misspelled it (e.g., `\hobx'), type `I' and the correct
spelling (e.g., `I\hbox'). Otherwise just continue,
and I'll forget about whatever was undefined.

\newlabel{liushufa-7}{{7}{}{}{equation.7}{}}
Missing character: There is no 题 (U+9898) in font nullfont!
Missing character: There is no 目 (U+76EE) in font nullfont!
! Undefined control sequence.
<write> \newlabel{liushufa-8}{{8}{\thepage 
                                           }{}{equation.8}{}}
l.191 \clearpage
                
The control sequence at the end of the top line
of your error message was never \def'ed. If you have
misspelled it (e.g., `\hobx'), type `I' and the correct
spelling (e.g., `I\hbox'). Otherwise just continue,
and I'll forget about whatever was undefined.

\newlabel{liushufa-8}{{8}{}{}{equation.8}{}}
Missing character: There is no 解 (U+89E3) in font nullfont!
Missing character: There is no 析 (U+6790) in font nullfont!
Missing character: There is no , (U+002C) in font nullfont!
Missing character: There is no 通 (U+901A) in font nullfont!
Missing character: There is no 过 (U+8FC7) in font nullfont!
Missing character: There is no 以 (U+4EE5) in font nullfont!
Missing character: There is no 上 (U+4E0A) in font nullfont!
Missing character: There is no 三 (U+4E09) in font nullfont!
Missing character: There is no 个 (U+4E2A) in font nullfont!
Missing character: There is no 例 (U+4F8B) in font nullfont!
Missing character: There is no 子 (U+5B50) in font nullfont!
Missing character: There is no 的 (U+7684) in font nullfont!
Missing character: There is no 示 (U+793A) in font nullfont!
Missing character: There is no 例 (U+4F8B) in font nullfont!
Missing character: There is no ， (U+FF0C) in font nullfont!
Missing character: There is no 我 (U+6211) in font nullfont!
Missing character: There is no 们 (U+4EEC) in font nullfont!
Missing character: There is no 看 (U+770B) in font nullfont!
Missing character: There is no 到 (U+5230) in font nullfont!
Missing character: There is no 抓 (U+6293) in font nullfont!
Missing character: There is no 大 (U+5927) in font nullfont!
Missing character: There is no 头 (U+5934) in font nullfont!
Missing character: There is no 法 (U+6CD5) in font nullfont!
Missing character: There is no 要 (U+8981) in font nullfont!
Missing character: There is no 关 (U+5173) in font nullfont!
Missing character: There is no 注 (U+6CE8) in font nullfont!
Missing character: There is no 的 (U+7684) in font nullfont!
Missing character: There is no 最 (U+6700) in font nullfont!
Missing character: There is no 高 (U+9AD8) in font nullfont!
Missing character: There is no 次 (U+6B21) in font nullfont!
Missing character: There is no 项 (U+9879) in font nullfont!
Missing character: There is no ， (U+FF0C) in font nullfont!
Missing character: There is no 也 (U+4E5F) in font nullfont!
Missing character: There is no 即 (U+5373) in font nullfont!
Missing character: There is no 抓 (U+6293) in font nullfont!
Missing character: There is no 主 (U+4E3B) in font nullfont!
Missing character: There is no 要 (U+8981) in font nullfont!
Missing character: There is no 决 (U+51B3) in font nullfont!
Missing character: There is no 定 (U+5B9A) in font nullfont!
Missing character: There is no 因 (U+56E0) in font nullfont!
Missing character: There is no 素 (U+7D20) in font nullfont!
Missing character: There is no ， (U+FF0C) in font nullfont!
Missing character: There is no 忽 (U+5FFD) in font nullfont!
Missing character: There is no 略 (U+7565) in font nullfont!
Missing character: There is no 次 (U+6B21) in font nullfont!
Missing character: There is no 要 (U+8981) in font nullfont!
Missing character: There is no 因 (U+56E0) in font nullfont!
Missing character: There is no 素 (U+7D20) in font nullfont!
Missing character: There is no 。 (U+3002) in font nullfont!
Missing character: There is no 当 (U+5F53) in font nullfont!
Missing character: There is no , (U+002C) in font nullfont!
Missing character: There is no 若 (U+82E5) in font nullfont!
Missing character: There is no 分 (U+5206) in font nullfont!
Missing character: There is no 子 (U+5B50) in font nullfont!
Missing character: There is no 阶 (U+9636) in font nullfont!
Missing character: There is no 数 (U+6570) in font nullfont!
Missing character: There is no 比 (U+6BD4) in font nullfont!
Missing character: There is no 分 (U+5206) in font nullfont!
Missing character: There is no 母 (U+6BCD) in font nullfont!
Missing character: There is no 阶 (U+9636) in font nullfont!
Missing character: There is no 数 (U+6570) in font nullfont!
Missing character: There is no 少 (U+5C11) in font nullfont!
Missing character: There is no ， (U+FF0C) in font nullfont!
Missing character: There is no 则 (U+5219) in font nullfont!
Missing character: There is no 分 (U+5206) in font nullfont!
Missing character: There is no 式 (U+5F0F) in font nullfont!
Missing character: There is no 值 (U+503C) in font nullfont!
Missing character: There is no 为 (U+4E3A) in font nullfont!
Missing character: There is no 0 (U+0030) in font nullfont!
Missing character: There is no ； (U+FF1B) in font nullfont!
Missing character: There is no 若 (U+82E5) in font nullfont!
Missing character: There is no 分 (U+5206) in font nullfont!
Missing character: There is no 子 (U+5B50) in font nullfont!
Missing character: There is no 阶 (U+9636) in font nullfont!
Missing character: There is no 数 (U+6570) in font nullfont!
Missing character: There is no 和 (U+548C) in font nullfont!
Missing character: There is no 分 (U+5206) in font nullfont!
Missing character: There is no 母 (U+6BCD) in font nullfont!
Missing character: There is no 阶 (U+9636) in font nullfont!
Missing character: There is no 数 (U+6570) in font nullfont!
Missing character: There is no 相 (U+76F8) in font nullfont!
Missing character: There is no 同 (U+540C) in font nullfont!
Missing character: There is no ， (U+FF0C) in font nullfont!
Missing character: There is no 则 (U+5219) in font nullfont!
Missing character: There is no 分 (U+5206) in font nullfont!
Missing character: There is no 式 (U+5F0F) in font nullfont!
Missing character: There is no 值 (U+503C) in font nullfont!
Missing character: There is no 为 (U+4E3A) in font nullfont!
Missing character: There is no 常 (U+5E38) in font nullfont!
Missing character: There is no 数 (U+6570) in font nullfont!
Missing character: There is no 极 (U+6781) in font nullfont!
Missing character: There is no 限 (U+9650) in font nullfont!
Missing character: There is no 法 (U+6CD5) in font nullfont!
Missing character: There is no ( (U+0028) in font nullfont!
Missing character: There is no 抓 (U+6293) in font nullfont!
Missing character: There is no 大 (U+5927) in font nullfont!
Missing character: There is no 头 (U+5934) in font nullfont!
Missing character: There is no ) (U+0029) in font nullfont!
Missing character: There is no + (U+002B) in font nullfont!
Missing character: There is no 赋 (U+8D4B) in font nullfont!
Missing character: There is no 值 (U+503C) in font nullfont!
Missing character: There is no 法 (U+6CD5) in font nullfont!
Missing character: There is no 极 (U+6781) in font nullfont!
Missing character: There is no 限 (U+9650) in font nullfont!
Missing character: There is no 法 (U+6CD5) in font nullfont!
Missing character: There is no 式 (U+5F0F) in font nullfont!
Missing character: There is no 子 (U+5B50) in font nullfont!
Missing character: There is no 两 (U+4E24) in font nullfont!
Missing character: There is no 边 (U+8FB9) in font nullfont!
Missing character: There is no 同 (U+540C) in font nullfont!
Missing character: There is no 乘 (U+4E58) in font nullfont!
Missing character: There is no , (U+002C) in font nullfont!
Missing character: There is no 取 (U+53D6) in font nullfont!
Missing character: There is no 的 (U+7684) in font nullfont!
Missing character: There is no 极 (U+6781) in font nullfont!
Missing character: There is no 限 (U+9650) in font nullfont!
Missing character: There is no 赋 (U+8D4B) in font nullfont!
Missing character: There is no 值 (U+503C) in font nullfont!
Missing character: There is no 法 (U+6CD5) in font nullfont!
Missing character: There is no 常 (U+5E38) in font nullfont!
Missing character: There is no 赋 (U+8D4B) in font nullfont!
Missing character: There is no 0 (U+0030) in font nullfont!
Missing character: There is no ， (U+FF0C) in font nullfont!
Missing character: There is no 1 (U+0031) in font nullfont!
Missing character: There is no ， (U+FF0C) in font nullfont!
Missing character: There is no - (U+002D) in font nullfont!
Missing character: There is no 1 (U+0031) in font nullfont!
Missing character: There is no 需 (U+9700) in font nullfont!
Missing character: There is no 知 (U+77E5) in font nullfont!
Missing character: There is no 使 (U+4F7F) in font nullfont!
Missing character: There is no 用 (U+7528) in font nullfont!
Missing character: There is no 此 (U+6B64) in font nullfont!
Missing character: There is no 法 (U+6CD5) in font nullfont!
Missing character: There is no 时 (U+65F6) in font nullfont!
Missing character: There is no ， (U+FF0C) in font nullfont!
Missing character: There is no 需 (U+9700) in font nullfont!
Missing character: There is no 知 (U+77E5) in font nullfont!
Missing character: There is no 拆 (U+62C6) in font nullfont!
Missing character: There is no 分 (U+5206) in font nullfont!
Missing character: There is no 形 (U+5F62) in font nullfont!
Missing character: There is no 式 (U+5F0F) in font nullfont!
Missing character: There is no 拆 (U+62C6) in font nullfont!
Missing character: There is no 分 (U+5206) in font nullfont!
Missing character: There is no 原 (U+539F) in font nullfont!
Missing character: There is no 则 (U+5219) in font nullfont!
Missing character: There is no 分 (U+5206) in font nullfont!
Missing character: There is no 子 (U+5B50) in font nullfont!
Missing character: There is no 比 (U+6BD4) in font nullfont!
Missing character: There is no 分 (U+5206) in font nullfont!
Missing character: There is no 母 (U+6BCD) in font nullfont!
Missing character: There is no 少 (U+5C11) in font nullfont!
Missing character: There is no 一 (U+4E00) in font nullfont!
Missing character: There is no 次 (U+6B21) in font nullfont!
Missing character: There is no 有 (U+6709) in font nullfont!
Missing character: There is no 重 (U+91CD) in font nullfont!
Missing character: There is no 根 (U+6839) in font nullfont!
Missing character: There is no 的 (U+7684) in font nullfont!
Missing character: There is no 形 (U+5F62) in font nullfont!
Missing character: There is no 式 (U+5F0F) in font nullfont!
Missing character: There is no 都 (U+90FD) in font nullfont!
Missing character: There is no 一 (U+4E00) in font nullfont!
Missing character: There is no 样 (U+6837) in font nullfont!
Missing character: There is no ( (U+0028) in font nullfont!
Missing character: There is no 以 (U+4EE5) in font nullfont!
Missing character: There is no 最 (U+6700) in font nullfont!
Missing character: There is no 低 (U+4F4E) in font nullfont!
Missing character: There is no 次 (U+6B21) in font nullfont!
Missing character: There is no 为 (U+4E3A) in font nullfont!
Missing character: There is no 准 (U+51C6) in font nullfont!
Missing character: There is no ) (U+0029) in font nullfont!
Missing character: There is no 如 (U+5982) in font nullfont!
Missing character: There is no 题 (U+9898) in font nullfont!
Missing character: There is no 目 (U+76EE) in font nullfont!
Missing character: There is no 如 (U+5982) in font nullfont!
Missing character: There is no 题 (U+9898) in font nullfont!
Missing character: There is no 目 (U+76EE) in font nullfont!
Missing character: There is no 各 (U+5404) in font nullfont!
Missing character: There is no 种 (U+79CD) in font nullfont!
Missing character: There is no 拆 (U+62C6) in font nullfont!
Missing character: There is no 分 (U+5206) in font nullfont!
Missing character: There is no 类 (U+7C7B) in font nullfont!
Missing character: There is no 型 (U+578B) in font nullfont!
Missing character: There is no - (U+002D) in font nullfont!
Missing character: There is no 例 (U+4F8B) in font nullfont!
Missing character: There is no 题 (U+9898) in font nullfont!
Missing character: There is no 讲 (U+8BB2) in font nullfont!
Missing character: There is no 解 (U+89E3) in font nullfont!
Missing character: There is no 有 (U+6709) in font nullfont!
Missing character: There is no 理 (U+7406) in font nullfont!
Missing character: There is no 分 (U+5206) in font nullfont!
Missing character: There is no 式 (U+5F0F) in font nullfont!
Missing character: There is no , (U+002C) in font nullfont!
Missing character: There is no 均 (U+5747) in font nullfont!
Missing character: There is no 为 (U+4E3A) in font nullfont!
Missing character: There is no 关 (U+5173) in font nullfont!
Missing character: There is no 于 (U+4E8E) in font nullfont!
Missing character: There is no 的 (U+7684) in font nullfont!
Missing character: There is no 多 (U+591A) in font nullfont!
Missing character: There is no 项 (U+9879) in font nullfont!
Missing character: There is no 式 (U+5F0F) in font nullfont!
Missing character: There is no 若 (U+82E5) in font nullfont!
Missing character: There is no 为 (U+4E3A) in font nullfont!
Missing character: There is no 一 (U+4E00) in font nullfont!
Missing character: There is no 次 (U+6B21) in font nullfont!
Missing character: There is no 式 (U+5F0F) in font nullfont!
Missing character: There is no 且 (U+4E14) in font nullfont!
Missing character: There is no , (U+002C) in font nullfont!
Missing character: There is no 用 (U+7528) in font nullfont!
Missing character: There is no 留 (U+7559) in font nullfont!
Missing character: There is no 数 (U+6570) in font nullfont!
Missing character: There is no 法 (U+6CD5) in font nullfont!
Missing character: There is no , (U+002C) in font nullfont!
Missing character: There is no 如 (U+5982) in font nullfont!
Missing character: There is no 题 (U+9898) in font nullfont!
Missing character: There is no 目 (U+76EE) in font nullfont!
Missing character: There is no 、 (U+3001) in font nullfont!
Missing character: There is no 、 (U+3001) in font nullfont!
Missing character: There is no 若 (U+82E5) in font nullfont!
Missing character: There is no 为 (U+4E3A) in font nullfont!
Missing character: There is no 一 (U+4E00) in font nullfont!
Missing character: There is no 次 (U+6B21) in font nullfont!
Missing character: There is no 式 (U+5F0F) in font nullfont!
Missing character: There is no 且 (U+4E14) in font nullfont!
]
Overfull \hbox (20.0pt too wide) in paragraph at lines 193--193
[] 
 []

! Undefined control sequence.
l.194 ...(条件：$P=0$),即$f_{1}=\left. \dfrac
                                                  {f}{Q^{2}} \right|_{\vphan...
The control sequence at the end of the top line
of your error message was never \def'ed. If you have
misspelled it (e.g., `\hobx'), type `I' and the correct
spelling (e.g., `I\hbox'). Otherwise just continue,
and I'll forget about whatever was undefined.

! Undefined control sequence.
<argument> \dfrac 
                  {1}{1}
l.194 ...}{Q^{2}} \right|_{\vphantom{\dfrac{1}{1}}
                                                   p=0}$
The control sequence at the end of the top line
of your error message was never \def'ed. If you have
misspelled it (e.g., `\hobx'), type `I' and the correct
spelling (e.g., `I\hbox'). Otherwise just continue,
and I'll forget about whatever was undefined.

! Undefined control sequence.
<argument> \dfrac 
                  {1}{1}
l.194 ...}{Q^{2}} \right|_{\vphantom{\dfrac{1}{1}}
                                                   p=0}$
The control sequence at the end of the top line
of your error message was never \def'ed. If you have
misspelled it (e.g., `\hobx'), type `I' and the correct
spelling (e.g., `I\hbox'). Otherwise just continue,
and I'll forget about whatever was undefined.

! Undefined control sequence.
<argument> \dfrac 
                  {1}{1}
l.194 ...}{Q^{2}} \right|_{\vphantom{\dfrac{1}{1}}
                                                   p=0}$
The control sequence at the end of the top line
of your error message was never \def'ed. If you have
misspelled it (e.g., `\hobx'), type `I' and the correct
spelling (e.g., `I\hbox'). Otherwise just continue,
and I'll forget about whatever was undefined.

! Undefined control sequence.
<argument> \dfrac 
                  {1}{1}
l.194 ...}{Q^{2}} \right|_{\vphantom{\dfrac{1}{1}}
                                                   p=0}$
The control sequence at the end of the top line
of your error message was never \def'ed. If you have
misspelled it (e.g., `\hobx'), type `I' and the correct
spelling (e.g., `I\hbox'). Otherwise just continue,
and I'll forget about whatever was undefined.


Overfull \hbox (27.74654pt too wide) in paragraph at lines 194--195
\OML/cmm/m/it/10 f[]$\nullfont 用留数法(条件：$\OML/cmm/m/it/10 P \OT1/c
mr/m/n/10 =
 []


Overfull \hbox (24.93752pt too wide) in paragraph at lines 194--195
\OT1/cmr/m/n/10 0$\nullfont ),即$\OML/cmm/m/it/10 f[] \OT1/cmr/m/n/10 =
 []


Overfull \hbox (37.64465pt too wide) in paragraph at lines 194--195
[][]$ 
 []

! Undefined control sequence.
l.195 ...法(条件：$Q=0$),即$A=\left. \dfrac
                                                  {f}{P} \right|_{\vphantom{...
The control sequence at the end of the top line
of your error message was never \def'ed. If you have
misspelled it (e.g., `\hobx'), type `I' and the correct
spelling (e.g., `I\hbox'). Otherwise just continue,
and I'll forget about whatever was undefined.

! Undefined control sequence.
<argument> \dfrac 
                  {1}{1}
l.195 ...ac{f}{P} \right|_{\vphantom{\dfrac{1}{1}}
                                                   Q=0}$
The control sequence at the end of the top line
of your error message was never \def'ed. If you have
misspelled it (e.g., `\hobx'), type `I' and the correct
spelling (e.g., `I\hbox'). Otherwise just continue,
and I'll forget about whatever was undefined.

! Undefined control sequence.
<argument> \dfrac 
                  {1}{1}
l.195 ...ac{f}{P} \right|_{\vphantom{\dfrac{1}{1}}
                                                   Q=0}$
The control sequence at the end of the top line
of your error message was never \def'ed. If you have
misspelled it (e.g., `\hobx'), type `I' and the correct
spelling (e.g., `I\hbox'). Otherwise just continue,
and I'll forget about whatever was undefined.

! Undefined control sequence.
<argument> \dfrac 
                  {1}{1}
l.195 ...ac{f}{P} \right|_{\vphantom{\dfrac{1}{1}}
                                                   Q=0}$
The control sequence at the end of the top line
of your error message was never \def'ed. If you have
misspelled it (e.g., `\hobx'), type `I' and the correct
spelling (e.g., `I\hbox'). Otherwise just continue,
and I'll forget about whatever was undefined.

! Undefined control sequence.
<argument> \dfrac 
                  {1}{1}
l.195 ...ac{f}{P} \right|_{\vphantom{\dfrac{1}{1}}
                                                   Q=0}$
The control sequence at the end of the top line
of your error message was never \def'ed. If you have
misspelled it (e.g., `\hobx'), type `I' and the correct
spelling (e.g., `I\hbox'). Otherwise just continue,
and I'll forget about whatever was undefined.


Overfull \hbox (25.96107pt too wide) in paragraph at lines 195--196
\OML/cmm/m/it/10 A$\nullfont 用留数法或赋值法(条件：$\OML/cmm/m/it/1
0 Q \OT1/cmr/m/n/10 =
 []


Overfull \hbox (23.05554pt too wide) in paragraph at lines 195--196
\OT1/cmr/m/n/10 0$\nullfont ),即$\OML/cmm/m/it/10 A \OT1/cmr/m/n/10 =
 []


Overfull \hbox (34.6819pt too wide) in paragraph at lines 195--196
[][]$ 
 []


Overfull \hbox (8.0868pt too wide) in paragraph at lines 196--197
\OML/cmm/m/it/10 B$\nullfont 用极限法或赋值法 
 []

! Undefined control sequence.
<write> ...eference `liushufa-9' on page \thepage 
                                                  \space undefined\on@line .
l.199 ...\ref{liushufa-9}也即\ref{liushufa-4}}
                                                  
The control sequence at the end of the top line
of your error message was never \def'ed. If you have
misspelled it (e.g., `\hobx'), type `I' and the correct
spelling (e.g., `I\hbox'). Otherwise just continue,
and I'll forget about whatever was undefined.


LaTeX Warning: Reference `liushufa-9' on page  undefined on input line 199.

! Undefined control sequence.
<write> ...eference `liushufa-4' on page \thepage 
                                                  \space undefined\on@line .
l.199 ...\ref{liushufa-9}也即\ref{liushufa-4}}
                                                  
The control sequence at the end of the top line
of your error message was never \def'ed. If you have
misspelled it (e.g., `\hobx'), type `I' and the correct
spelling (e.g., `I\hbox'). Otherwise just continue,
and I'll forget about whatever was undefined.


LaTeX Warning: Reference `liushufa-4' on page  undefined on input line 199.


Overfull \hbox (48.51996pt too wide) in paragraph at lines 199--200
[][] 
 []

! Undefined control sequence.
l.201 	\dfrac
             {4x^{2}-6x-1}{\left(x+1\right)\left(2x-1\right)^{2}}=\dfrac{f_{...
The control sequence at the end of the top line
of your error message was never \def'ed. If you have
misspelled it (e.g., `\hobx'), type `I' and the correct
spelling (e.g., `I\hbox'). Otherwise just continue,
and I'll forget about whatever was undefined.

! Undefined control sequence.
l.201 ...t(x+1\right)\left(2x-1\right)^{2}}=\dfrac
                                                  {f_{1}}{x+1}+\dfrac{A}{\le...
The control sequence at the end of the top line
of your error message was never \def'ed. If you have
misspelled it (e.g., `\hobx'), type `I' and the correct
spelling (e.g., `I\hbox'). Otherwise just continue,
and I'll forget about whatever was undefined.

! Undefined control sequence.
l.201 ...x-1\right)^{2}}=\dfrac{f_{1}}{x+1}+\dfrac
                                                  {A}{\left(2x-1\right)^{2}}...
The control sequence at the end of the top line
of your error message was never \def'ed. If you have
misspelled it (e.g., `\hobx'), type `I' and the correct
spelling (e.g., `I\hbox'). Otherwise just continue,
and I'll forget about whatever was undefined.

! Undefined control sequence.
l.201 ...}+\dfrac{A}{\left(2x-1\right)^{2}}+\dfrac
                                                  {B}{2x-1}
The control sequence at the end of the top line
of your error message was never \def'ed. If you have
misspelled it (e.g., `\hobx'), type `I' and the correct
spelling (e.g., `I\hbox'). Otherwise just continue,
and I'll forget about whatever was undefined.


Overfull \hbox (272.87808pt too wide) detected at line 202
[][][] \OT1/cmr/m/n/10 = [][] + \OML/cmm/m/it/10 A[] \OT1/cmr/m/n/10 + \OML/cmm
/m/it/10 B[]
 []


! LaTeX Error: Environment gather* undefined.

See the LaTeX manual or LaTeX Companion for explanation.
Type  H <return>  for immediate help.
 ...                                              
                                                  
l.206 \begin{gather*}
                     
Your command was ignored.
Type  I <command> <return>  to replace it with another command,
or  <return>  to continue without it.

! Undefined control sequence.
l.207 	\text
            {\fbox{\scriptsize 解析}} \hspace{1em} f_{1}=\left. \dfrac{4x^...
The control sequence at the end of the top line
of your error message was never \def'ed. If you have
misspelled it (e.g., `\hobx'), type `I' and the correct
spelling (e.g., `I\hbox'). Otherwise just continue,
and I'll forget about whatever was undefined.

! Undefined control sequence.
<argument> \scriptsize 
                       解析
l.207 	\text{\fbox{\scriptsize 解析}
                                      } \hspace{1em} f_{1}=\left. \dfrac{4x^...
The control sequence at the end of the top line
of your error message was never \def'ed. If you have
misspelled it (e.g., `\hobx'), type `I' and the correct
spelling (e.g., `I\hbox'). Otherwise just continue,
and I'll forget about whatever was undefined.

! Missing $ inserted.
<inserted text> 
                $
l.207 ...fbox{\scriptsize 解析}} \hspace{1em} f_
                                                  {1}=\left. \dfrac{4x^{2}-6...
I've inserted a begin-math/end-math symbol since I think
you left one out. Proceed, with fingers crossed.

! Undefined control sequence.
l.207 ...解析}} \hspace{1em} f_{1}=\left. \dfrac
                                                  {4x^{2}-6x-1}{\left(2x-1\r...
The control sequence at the end of the top line
of your error message was never \def'ed. If you have
misspelled it (e.g., `\hobx'), type `I' and the correct
spelling (e.g., `I\hbox'). Otherwise just continue,
and I'll forget about whatever was undefined.

! Undefined control sequence.
<argument> \dfrac 
                  {1}{1}
l.207 ...ht)^{2}} \right|_{\vphantom{\dfrac{1}{1}}
                                                   x=-1}=1 \\
The control sequence at the end of the top line
of your error message was never \def'ed. If you have
misspelled it (e.g., `\hobx'), type `I' and the correct
spelling (e.g., `I\hbox'). Otherwise just continue,
and I'll forget about whatever was undefined.

! Undefined control sequence.
<argument> \dfrac 
                  {1}{1}
l.207 ...ht)^{2}} \right|_{\vphantom{\dfrac{1}{1}}
                                                   x=-1}=1 \\
The control sequence at the end of the top line
of your error message was never \def'ed. If you have
misspelled it (e.g., `\hobx'), type `I' and the correct
spelling (e.g., `I\hbox'). Otherwise just continue,
and I'll forget about whatever was undefined.

! Undefined control sequence.
<argument> \dfrac 
                  {1}{1}
l.207 ...ht)^{2}} \right|_{\vphantom{\dfrac{1}{1}}
                                                   x=-1}=1 \\
The control sequence at the end of the top line
of your error message was never \def'ed. If you have
misspelled it (e.g., `\hobx'), type `I' and the correct
spelling (e.g., `I\hbox'). Otherwise just continue,
and I'll forget about whatever was undefined.

! Undefined control sequence.
<argument> \dfrac 
                  {1}{1}
l.207 ...ht)^{2}} \right|_{\vphantom{\dfrac{1}{1}}
                                                   x=-1}=1 \\
The control sequence at the end of the top line
of your error message was never \def'ed. If you have
misspelled it (e.g., `\hobx'), type `I' and the correct
spelling (e.g., `I\hbox'). Otherwise just continue,
and I'll forget about whatever was undefined.

! Undefined control sequence.
<recently read> \text 
                      
l.208 	\text
            {两边同乘$x$,取$x\to\infty$极限，抓大头} \\
The control sequence at the end of the top line
of your error message was never \def'ed. If you have
misspelled it (e.g., `\hobx'), type `I' and the correct
spelling (e.g., `I\hbox'). Otherwise just continue,
and I'll forget about whatever was undefined.

! Missing } inserted.
<inserted text> 
                }
l.208 	\text{两边同乘$
                          x$,取$x\to\infty$极限，抓大头} \\
I've inserted something that you may have forgotten.
(See the <inserted text> above.)
With luck, this will get me unwedged. But if you
really didn't forget anything, try typing `2' now; then
my insertion and my current dilemma will both disappear.

Missing character: There is no 两 (U+4E24) in font cmr10!
Missing character: There is no 两 (U+4E24) in font cmr10!
Missing character: There is no 边 (U+8FB9) in font cmr10!
Missing character: There is no 边 (U+8FB9) in font cmr10!
Missing character: There is no 同 (U+540C) in font cmr10!
Missing character: There is no 同 (U+540C) in font cmr10!
Missing character: There is no 乘 (U+4E58) in font cmr10!
Missing character: There is no 取 (U+53D6) in font cmr10!
! Extra }, or forgotten $.
l.208 ...乘$x$,取$x\to\infty$极限，抓大头}
                                                   \\
I've deleted a group-closing symbol because it seems to be
spurious, as in `$x}$'. But perhaps the } is legitimate and
you forgot something else, as in `\hbox{$x}'. In such cases
the way to recover is to insert both the forgotten and the
deleted material, e.g., by typing `I$}'.

! Undefined control sequence.
<recently read> \text 
                      
l.209 	\text
            {即}\dfrac{4}{4}=f_{1}+0+\dfrac{B}{2},\quad B=0 \\
The control sequence at the end of the top line
of your error message was never \def'ed. If you have
misspelled it (e.g., `\hobx'), type `I' and the correct
spelling (e.g., `I\hbox'). Otherwise just continue,
and I'll forget about whatever was undefined.

! Undefined control sequence.
l.209 	\text{即}\dfrac
                       {4}{4}=f_{1}+0+\dfrac{B}{2},\quad B=0 \\
The control sequence at the end of the top line
of your error message was never \def'ed. If you have
misspelled it (e.g., `\hobx'), type `I' and the correct
spelling (e.g., `I\hbox'). Otherwise just continue,
and I'll forget about whatever was undefined.

! Undefined control sequence.
l.209 	\text{即}\dfrac{4}{4}=f_{1}+0+\dfrac
                                            {B}{2},\quad B=0 \\
The control sequence at the end of the top line
of your error message was never \def'ed. If you have
misspelled it (e.g., `\hobx'), type `I' and the correct
spelling (e.g., `I\hbox'). Otherwise just continue,
and I'll forget about whatever was undefined.

! Undefined control sequence.
<recently read> \text 
                      
l.210 	\text
            {等式两边令$x=0$},\quad -1=1+A+0,\quad A=-2
The control sequence at the end of the top line
of your error message was never \def'ed. If you have
misspelled it (e.g., `\hobx'), type `I' and the correct
spelling (e.g., `I\hbox'). Otherwise just continue,
and I'll forget about whatever was undefined.

! Missing } inserted.
<inserted text> 
                }
l.210 	\text{等式两边令$
                             x=0$},\quad -1=1+A+0,\quad A=-2
I've inserted something that you may have forgotten.
(See the <inserted text> above.)
With luck, this will get me unwedged. But if you
really didn't forget anything, try typing `2' now; then
my insertion and my current dilemma will both disappear.

Missing character: There is no 极 (U+6781) in font cmr10!
Missing character: There is no 极 (U+6781) in font cmr10!
Missing character: There is no 限 (U+9650) in font cmr10!
Missing character: There is no 限 (U+9650) in font cmr10!
Missing character: There is no ， (U+FF0C) in font cmr10!
Missing character: There is no ， (U+FF0C) in font cmr10!
Missing character: There is no 抓 (U+6293) in font cmr10!
Missing character: There is no 抓 (U+6293) in font cmr10!
Missing character: There is no 大 (U+5927) in font cmr10!
Missing character: There is no 大 (U+5927) in font cmr10!
Missing character: There is no 头 (U+5934) in font cmr10!
Missing character: There is no 即 (U+5373) in font cmr10!
Missing character: There is no 即 (U+5373) in font cmr10!
Missing character: There is no 等 (U+7B49) in font cmr10!
Missing character: There is no 等 (U+7B49) in font cmr10!
Missing character: There is no 式 (U+5F0F) in font cmr10!
Missing character: There is no 式 (U+5F0F) in font cmr10!
Missing character: There is no 两 (U+4E24) in font cmr10!
Missing character: There is no 两 (U+4E24) in font cmr10!
Missing character: There is no 边 (U+8FB9) in font cmr10!
Missing character: There is no 边 (U+8FB9) in font cmr10!
Missing character: There is no 令 (U+4EE4) in font cmr10!
! Extra }, or forgotten $.
<recently read> }
                 
l.210 	\text{等式两边令$x=0$}
                                  ,\quad -1=1+A+0,\quad A=-2
I've deleted a group-closing symbol because it seems to be
spurious, as in `$x}$'. But perhaps the } is legitimate and
you forgot something else, as in `\hbox{$x}'. In such cases
the way to recover is to insert both the forgotten and the
deleted material, e.g., by typing `I$}'.


! LaTeX Error: \begin{document} ended by \end{gather*}.

See the LaTeX manual or LaTeX Companion for explanation.
Type  H <return>  for immediate help.
 ...                                              
                                                  
l.211 \end{gather*}
                   
Your command was ignored.
Type  I <command> <return>  to replace it with another command,
or  <return>  to continue without it.

! Missing $ inserted.
<inserted text> 
                $
l.211 \end{gather*}
                   
I've inserted something that you may have forgotten.
(See the <inserted text> above.)
With luck, this will get me unwedged. But if you
really didn't forget anything, try typing `2' now; then
my insertion and my current dilemma will both disappear.


Overfull \hbox (26.79999pt too wide) in paragraph at lines 207--212
[][]
 []


Overfull \hbox (15.04164pt too wide) in paragraph at lines 207--212
f$[][] \OT1/cmr/m/n/10 =
 []


Overfull \hbox (132.06099pt too wide) in paragraph at lines 207--212
[][] \OT1/cmr/m/n/10 =
 []


Overfull \hbox (5.00002pt too wide) in paragraph at lines 207--212
\OT1/cmr/m/n/10 1[] 
 []


Overfull \hbox (24.44444pt too wide) in paragraph at lines 207--212
[]$x$\OML/cmm/m/it/10 ; $\nullfont x\OMS/cmsy/m/n/10 !1$[] 
 []


Overfull \hbox (20.55554pt too wide) in paragraph at lines 207--212
\OT1/cmr/m/n/10 44 =
 []


Overfull \hbox (17.15979pt too wide) in paragraph at lines 207--212
\OML/cmm/m/it/10 f[] \OT1/cmr/m/n/10 +
 []


Overfull \hbox (12.77782pt too wide) in paragraph at lines 207--212
\OT1/cmr/m/n/10 0 +
 []


Overfull \hbox (36.17355pt too wide) in paragraph at lines 207--212
\OML/cmm/m/it/10 B\OT1/cmr/m/n/10 2\OML/cmm/m/it/10 ; B \OT1/cmr/m/n/10 =
 []


Overfull \hbox (5.00002pt too wide) in paragraph at lines 207--212
\OT1/cmr/m/n/10 0[] 
 []


Overfull \hbox (27.77774pt too wide) in paragraph at lines 207--212
[]$x=0$\OML/cmm/m/it/10 ; \OMS/cmsy/m/n/10 ^^@\OT1/cmr/m/n/10 1 =
 []


Overfull \hbox (12.77782pt too wide) in paragraph at lines 207--212
\OT1/cmr/m/n/10 1 +
 []


Overfull \hbox (15.27782pt too wide) in paragraph at lines 207--212
\OML/cmm/m/it/10 A \OT1/cmr/m/n/10 +
 []


Overfull \hbox (27.49995pt too wide) in paragraph at lines 207--212
\OT1/cmr/m/n/10 0\OML/cmm/m/it/10 ; A \OT1/cmr/m/n/10 =
 []


Overfull \hbox (12.77782pt too wide) in paragraph at lines 207--212
\OMS/cmsy/m/n/10 ^^@\OT1/cmr/m/n/10 2$ 
 []

! Undefined control sequence.
<write> ...ference `liushufa-10' on page \thepage 
                                                  \space undefined\on@line .
l.215 \fbox{题目\ref{liushufa-10}}
                                    
The control sequence at the end of the top line
of your error message was never \def'ed. If you have
misspelled it (e.g., `\hobx'), type `I' and the correct
spelling (e.g., `I\hbox'). Otherwise just continue,
and I'll forget about whatever was undefined.


LaTeX Warning: Reference `liushufa-10' on page  undefined on input line 215.


Overfull \hbox (37.65997pt too wide) in paragraph at lines 215--216
[][] 
 []


Overfull \hbox (20.0pt too wide) in paragraph at lines 219--219
[] 
 []

! Undefined control sequence.
l.220 	\dfrac
             {x^{2}+1}{\left(x+1\right)^{2}\left(x-1\right)}=\dfrac{f}{x-1}+...
The control sequence at the end of the top line
of your error message was never \def'ed. If you have
misspelled it (e.g., `\hobx'), type `I' and the correct
spelling (e.g., `I\hbox'). Otherwise just continue,
and I'll forget about whatever was undefined.

! Undefined control sequence.
l.220 ...ft(x+1\right)^{2}\left(x-1\right)}=\dfrac
                                                  {f}{x-1}+\dfrac{A}{\left(x...
The control sequence at the end of the top line
of your error message was never \def'ed. If you have
misspelled it (e.g., `\hobx'), type `I' and the correct
spelling (e.g., `I\hbox'). Otherwise just continue,
and I'll forget about whatever was undefined.

! Undefined control sequence.
l.220 ...2}\left(x-1\right)}=\dfrac{f}{x-1}+\dfrac
                                                  {A}{\left(x+1\right)^{2}}+...
The control sequence at the end of the top line
of your error message was never \def'ed. If you have
misspelled it (e.g., `\hobx'), type `I' and the correct
spelling (e.g., `I\hbox'). Otherwise just continue,
and I'll forget about whatever was undefined.

! Undefined control sequence.
l.220 ...1}+\dfrac{A}{\left(x+1\right)^{2}}+\dfrac
                                                  {B}{x+1}
The control sequence at the end of the top line
of your error message was never \def'ed. If you have
misspelled it (e.g., `\hobx'), type `I' and the correct
spelling (e.g., `I\hbox'). Otherwise just continue,
and I'll forget about whatever was undefined.


Overfull \hbox (226.53087pt too wide) detected at line 221
[][][] \OT1/cmr/m/n/10 = \OML/cmm/m/it/10 f[] \OT1/cmr/m/n/10 + \OML/cmm/m/it/1
0 A[] \OT1/cmr/m/n/10 + \OML/cmm/m/it/10 B[]
 []


! LaTeX Error: Environment gather* undefined.

See the LaTeX manual or LaTeX Companion for explanation.
Type  H <return>  for immediate help.
 ...                                              
                                                  
l.225 \begin{gather*}
                     
Your command was ignored.
Type  I <command> <return>  to replace it with another command,
or  <return>  to continue without it.

! Missing $ inserted.
<inserted text> 
                $
l.226 	f=\left
              . \dfrac{x^{2}+1}{\left(x+1\right)^{2}} \right|_{\vphantom{\df...
I've inserted a begin-math/end-math symbol since I think
you left one out. Proceed, with fingers crossed.

! Undefined control sequence.
l.226 	f=\left. \dfrac
                      {x^{2}+1}{\left(x+1\right)^{2}} \right|_{\vphantom{\df...
The control sequence at the end of the top line
of your error message was never \def'ed. If you have
misspelled it (e.g., `\hobx'), type `I' and the correct
spelling (e.g., `I\hbox'). Otherwise just continue,
and I'll forget about whatever was undefined.

! Undefined control sequence.
<argument> \dfrac 
                  {1}{1}
l.226 ...ht)^{2}} \right|_{\vphantom{\dfrac{1}{1}}
                                                   x=1}=\dfrac{1}{2},\quad A...
The control sequence at the end of the top line
of your error message was never \def'ed. If you have
misspelled it (e.g., `\hobx'), type `I' and the correct
spelling (e.g., `I\hbox'). Otherwise just continue,
and I'll forget about whatever was undefined.

! Undefined control sequence.
<argument> \dfrac 
                  {1}{1}
l.226 ...ht)^{2}} \right|_{\vphantom{\dfrac{1}{1}}
                                                   x=1}=\dfrac{1}{2},\quad A...
The control sequence at the end of the top line
of your error message was never \def'ed. If you have
misspelled it (e.g., `\hobx'), type `I' and the correct
spelling (e.g., `I\hbox'). Otherwise just continue,
and I'll forget about whatever was undefined.

! Undefined control sequence.
<argument> \dfrac 
                  {1}{1}
l.226 ...ht)^{2}} \right|_{\vphantom{\dfrac{1}{1}}
                                                   x=1}=\dfrac{1}{2},\quad A...
The control sequence at the end of the top line
of your error message was never \def'ed. If you have
misspelled it (e.g., `\hobx'), type `I' and the correct
spelling (e.g., `I\hbox'). Otherwise just continue,
and I'll forget about whatever was undefined.

! Undefined control sequence.
<argument> \dfrac 
                  {1}{1}
l.226 ...ht)^{2}} \right|_{\vphantom{\dfrac{1}{1}}
                                                   x=1}=\dfrac{1}{2},\quad A...
The control sequence at the end of the top line
of your error message was never \def'ed. If you have
misspelled it (e.g., `\hobx'), type `I' and the correct
spelling (e.g., `I\hbox'). Otherwise just continue,
and I'll forget about whatever was undefined.

! Undefined control sequence.
l.226 ...ght|_{\vphantom{\dfrac{1}{1}} x=1}=\dfrac
                                                  {1}{2},\quad A=\left. \dfr...
The control sequence at the end of the top line
of your error message was never \def'ed. If you have
misspelled it (e.g., `\hobx'), type `I' and the correct
spelling (e.g., `I\hbox'). Otherwise just continue,
and I'll forget about whatever was undefined.

! Undefined control sequence.
l.226 ...} x=1}=\dfrac{1}{2},\quad A=\left. \dfrac
                                                  {x^{2}+1}{x-1} \right|_{\v...
The control sequence at the end of the top line
of your error message was never \def'ed. If you have
misspelled it (e.g., `\hobx'), type `I' and the correct
spelling (e.g., `I\hbox'). Otherwise just continue,
and I'll forget about whatever was undefined.

! Undefined control sequence.
<argument> \dfrac 
                  {1}{1}
l.226 ...+1}{x-1} \right|_{\vphantom{\dfrac{1}{1}}
                                                   x=-1}=-1 \\
The control sequence at the end of the top line
of your error message was never \def'ed. If you have
misspelled it (e.g., `\hobx'), type `I' and the correct
spelling (e.g., `I\hbox'). Otherwise just continue,
and I'll forget about whatever was undefined.

! Undefined control sequence.
<argument> \dfrac 
                  {1}{1}
l.226 ...+1}{x-1} \right|_{\vphantom{\dfrac{1}{1}}
                                                   x=-1}=-1 \\
The control sequence at the end of the top line
of your error message was never \def'ed. If you have
misspelled it (e.g., `\hobx'), type `I' and the correct
spelling (e.g., `I\hbox'). Otherwise just continue,
and I'll forget about whatever was undefined.

! Undefined control sequence.
<argument> \dfrac 
                  {1}{1}
l.226 ...+1}{x-1} \right|_{\vphantom{\dfrac{1}{1}}
                                                   x=-1}=-1 \\
The control sequence at the end of the top line
of your error message was never \def'ed. If you have
misspelled it (e.g., `\hobx'), type `I' and the correct
spelling (e.g., `I\hbox'). Otherwise just continue,
and I'll forget about whatever was undefined.

! Undefined control sequence.
<argument> \dfrac 
                  {1}{1}
l.226 ...+1}{x-1} \right|_{\vphantom{\dfrac{1}{1}}
                                                   x=-1}=-1 \\
The control sequence at the end of the top line
of your error message was never \def'ed. If you have
misspelled it (e.g., `\hobx'), type `I' and the correct
spelling (e.g., `I\hbox'). Otherwise just continue,
and I'll forget about whatever was undefined.

! Undefined control sequence.
<recently read> \text 
                      
l.227 	\text
            {两边同乘$x$,取$x\to\infty$极限，抓大头} \\
The control sequence at the end of the top line
of your error message was never \def'ed. If you have
misspelled it (e.g., `\hobx'), type `I' and the correct
spelling (e.g., `I\hbox'). Otherwise just continue,
and I'll forget about whatever was undefined.

! Missing } inserted.
<inserted text> 
                }
l.227 	\text{两边同乘$
                          x$,取$x\to\infty$极限，抓大头} \\
I've inserted something that you may have forgotten.
(See the <inserted text> above.)
With luck, this will get me unwedged. But if you
really didn't forget anything, try typing `2' now; then
my insertion and my current dilemma will both disappear.

Missing character: There is no 两 (U+4E24) in font cmr10!
Missing character: There is no 两 (U+4E24) in font cmr10!
Missing character: There is no 边 (U+8FB9) in font cmr10!
Missing character: There is no 边 (U+8FB9) in font cmr10!
Missing character: There is no 同 (U+540C) in font cmr10!
Missing character: There is no 同 (U+540C) in font cmr10!
Missing character: There is no 乘 (U+4E58) in font cmr10!
Missing character: There is no 取 (U+53D6) in font cmr10!
! Extra }, or forgotten $.
l.227 ...乘$x$,取$x\to\infty$极限，抓大头}
                                                   \\
I've deleted a group-closing symbol because it seems to be
spurious, as in `$x}$'. But perhaps the } is legitimate and
you forgot something else, as in `\hbox{$x}'. In such cases
the way to recover is to insert both the forgotten and the
deleted material, e.g., by typing `I$}'.

! Undefined control sequence.
l.228 	1=f+0+B,\quad B=\dfrac
                             {1}{2}
The control sequence at the end of the top line
of your error message was never \def'ed. If you have
misspelled it (e.g., `\hobx'), type `I' and the correct
spelling (e.g., `I\hbox'). Otherwise just continue,
and I'll forget about whatever was undefined.


! LaTeX Error: \begin{document} ended by \end{gather*}.

See the LaTeX manual or LaTeX Companion for explanation.
Type  H <return>  for immediate help.
 ...                                              
                                                  
l.229 \end{gather*}
                   
Your command was ignored.
Type  I <command> <return>  to replace it with another command,
or  <return>  to continue without it.

! Missing $ inserted.
<inserted text> 
                $
l.229 \end{gather*}
                   
I've inserted something that you may have forgotten.
(See the <inserted text> above.)
With luck, this will get me unwedged. But if you
really didn't forget anything, try typing `2' now; then
my insertion and my current dilemma will both disappear.

Missing character: There is no 极 (U+6781) in font cmr10!
Missing character: There is no 极 (U+6781) in font cmr10!
Missing character: There is no 限 (U+9650) in font cmr10!
Missing character: There is no 限 (U+9650) in font cmr10!
Missing character: There is no ， (U+FF0C) in font cmr10!
Missing character: There is no ， (U+FF0C) in font cmr10!
Missing character: There is no 抓 (U+6293) in font cmr10!
Missing character: There is no 抓 (U+6293) in font cmr10!
Missing character: There is no 大 (U+5927) in font cmr10!
Missing character: There is no 大 (U+5927) in font cmr10!
Missing character: There is no 头 (U+5934) in font cmr10!

Overfull \hbox (112.87352pt too wide) in paragraph at lines 226--230
[]f=$[][] \OT1/cmr/m/n/10 =
 []


Overfull \hbox (32.49997pt too wide) in paragraph at lines 226--230
\OT1/cmr/m/n/10 12\OML/cmm/m/it/10 ; A \OT1/cmr/m/n/10 =
 []


Overfull \hbox (86.8596pt too wide) in paragraph at lines 226--230
[][] \OT1/cmr/m/n/10 =
 []


Overfull \hbox (12.77782pt too wide) in paragraph at lines 226--230
\OMS/cmsy/m/n/10 ^^@\OT1/cmr/m/n/10 1[] 
 []


Overfull \hbox (24.44444pt too wide) in paragraph at lines 226--230
[]$x$\OML/cmm/m/it/10 ; $\nullfont x\OMS/cmsy/m/n/10 !1$[] 
 []


Overfull \hbox (15.55553pt too wide) in paragraph at lines 226--230
\OT1/cmr/m/n/10 1 =
 []


Overfull \hbox (13.75006pt too wide) in paragraph at lines 226--230
\OML/cmm/m/it/10 f \OT1/cmr/m/n/10 +
 []


Overfull \hbox (12.77782pt too wide) in paragraph at lines 226--230
\OT1/cmr/m/n/10 0 +
 []


Overfull \hbox (31.17354pt too wide) in paragraph at lines 226--230
\OML/cmm/m/it/10 B; B \OT1/cmr/m/n/10 =
 []


Overfull \hbox (10.00003pt too wide) in paragraph at lines 226--230
\OT1/cmr/m/n/10 12$ 
 []

! Undefined control sequence.
l.231 \subsection
                 {若$P$为一次式、$Q$为二次式($\Delta<0$)且$\dfrac...
The control sequence at the end of the top line
of your error message was never \def'ed. If you have
misspelled it (e.g., `\hobx'), type `I' and the correct
spelling (e.g., `I\hbox'). Otherwise just continue,
and I'll forget about whatever was undefined.

! Undefined control sequence.
<recently read> \dfrac 
                       
l.231 ...、$Q$为二次式($\Delta<0$)且$\dfrac
                                                  {f}{P\cdot Q}$}\label{lius...
The control sequence at the end of the top line
of your error message was never \def'ed. If you have
misspelled it (e.g., `\hobx'), type `I' and the correct
spelling (e.g., `I\hbox'). Otherwise just continue,
and I'll forget about whatever was undefined.


Overfull \hbox (54.60345pt too wide) in paragraph at lines 231--232
[]若$\OML/cmm/m/it/10 P$\nullfont 为一次式、$\OML/cmm/m/it/10 Q$\nullfont
 为二次式($\OT1/cmr/m/n/10  \OML/cmm/m/it/10 <
 []


Overfull \hbox (33.90898pt too wide) in paragraph at lines 231--232
\OT1/cmr/m/n/10 0$\nullfont )且$\OML/cmm/m/it/10 f[]$[] 
 []


! LaTeX Error: Environment gather* undefined.

See the LaTeX manual or LaTeX Companion for explanation.
Type  H <return>  for immediate help.
 ...                                              
                                                  
l.235 \begin{gather*}
                     
Your command was ignored.
Type  I <command> <return>  to replace it with another command,
or  <return>  to continue without it.

! Undefined control sequence.
l.236 	\dfrac
             {f}{P\cdot Q}=\dfrac{f_{1}}{P}+\dfrac{Ax+B}{Q}\\
The control sequence at the end of the top line
of your error message was never \def'ed. If you have
misspelled it (e.g., `\hobx'), type `I' and the correct
spelling (e.g., `I\hbox'). Otherwise just continue,
and I'll forget about whatever was undefined.

! Undefined control sequence.
l.236 	\dfrac{f}{P\cdot Q}=\dfrac
                                 {f_{1}}{P}+\dfrac{Ax+B}{Q}\\
The control sequence at the end of the top line
of your error message was never \def'ed. If you have
misspelled it (e.g., `\hobx'), type `I' and the correct
spelling (e.g., `I\hbox'). Otherwise just continue,
and I'll forget about whatever was undefined.

! Missing $ inserted.
<inserted text> 
                $
l.236 	\dfrac{f}{P\cdot Q}=\dfrac{f_
                                    {1}}{P}+\dfrac{Ax+B}{Q}\\
I've inserted a begin-math/end-math symbol since I think
you left one out. Proceed, with fingers crossed.

! Extra }, or forgotten $.
l.236 	\dfrac{f}{P\cdot Q}=\dfrac{f_{1}}
                                        {P}+\dfrac{Ax+B}{Q}\\
I've deleted a group-closing symbol because it seems to be
spurious, as in `$x}$'. But perhaps the } is legitimate and
you forgot something else, as in `\hbox{$x}'. In such cases
the way to recover is to insert both the forgotten and the
deleted material, e.g., by typing `I$}'.

! Undefined control sequence.
l.236 	\dfrac{f}{P\cdot Q}=\dfrac{f_{1}}{P}+\dfrac
                                                  {Ax+B}{Q}\\
The control sequence at the end of the top line
of your error message was never \def'ed. If you have
misspelled it (e.g., `\hobx'), type `I' and the correct
spelling (e.g., `I\hbox'). Otherwise just continue,
and I'll forget about whatever was undefined.

! Undefined control sequence.
<recently read> \text 
                      
l.237 	\text
            {$f_1$:\hspace{0.3em}留数法，\hspace{1em}$A$:\hspace{0.3em}极..
.
The control sequence at the end of the top line
of your error message was never \def'ed. If you have
misspelled it (e.g., `\hobx'), type `I' and the correct
spelling (e.g., `I\hbox'). Otherwise just continue,
and I'll forget about whatever was undefined.

! Missing } inserted.
<inserted text> 
                }
l.237 	\text{$
              f_1$:\hspace{0.3em}留数法，\hspace{1em}$A$:\hspace{0.3em}极..
.
I've inserted something that you may have forgotten.
(See the <inserted text> above.)
With luck, this will get me unwedged. But if you
really didn't forget anything, try typing `2' now; then
my insertion and my current dilemma will both disappear.

! Missing $ inserted.
<inserted text> 
                $
l.237 	\text{$f_
                1$:\hspace{0.3em}留数法，\hspace{1em}$A$:\hspace{0.3em}极..
.
I've inserted a begin-math/end-math symbol since I think
you left one out. Proceed, with fingers crossed.


! LaTeX Error: \begin{document} ended by \end{gather*}.

See the LaTeX manual or LaTeX Companion for explanation.
Type  H <return>  for immediate help.
 ...                                              
                                                  
l.238 \end{gather*}
                   
Your command was ignored.
Type  I <command> <return>  to replace it with another command,
or  <return>  to continue without it.


Overfull \hbox (42.85075pt too wide) in paragraph at lines 236--239
[]fP\OMS/cmsy/m/n/10 \nullfont Q=f$[][]\OML/cmm/m/it/10 P \OT1/cmr/m/n/10 +
 []


Overfull \hbox (41.42978pt too wide) in paragraph at lines 236--239
[]\OML/cmm/m/it/10 Q[] 
 []


Overfull \hbox (4.48613pt too wide) in paragraph at lines 236--239
[]$f$[][]$:
 []


Overfull \hbox (7.50002pt too wide) in paragraph at lines 236--239
\OML/cmm/m/it/10 A$\nullfont :
 []


Overfull \hbox (8.0868pt too wide) in paragraph at lines 236--239
\OML/cmm/m/it/10 B$\nullfont :
 []




! LaTeX Error: The font size command \normalsize is not defined:
               there is probably something wrong with the class file.

See the LaTeX manual or LaTeX Companion for explanation.
Type  H <return>  for immediate help.
 ...                                              
                                                  
l.240 \clearpage
                
Your command was ignored.
Type  I <command> <return>  to replace it with another command,
or  <return>  to continue without it.

[3


Missing character: There is no 用 (U+7528) in font nullfont!
Missing character: There is no 留 (U+7559) in font nullfont!
Missing character: There is no 数 (U+6570) in font nullfont!
Missing character: There is no 法 (U+6CD5) in font nullfont!
Missing character: There is no ( (U+0028) in font nullfont!
Missing character: There is no 条 (U+6761) in font nullfont!
Missing character: There is no 件 (U+4EF6) in font nullfont!
Missing character: There is no ： (U+FF1A) in font nullfont!
Missing character: There is no ) (U+0029) in font nullfont!
Missing character: There is no , (U+002C) in font nullfont!
Missing character: There is no 即 (U+5373) in font nullfont!
Missing character: There is no 用 (U+7528) in font nullfont!
Missing character: There is no 留 (U+7559) in font nullfont!
Missing character: There is no 数 (U+6570) in font nullfont!
Missing character: There is no 法 (U+6CD5) in font nullfont!
Missing character: There is no 或 (U+6216) in font nullfont!
Missing character: There is no 赋 (U+8D4B) in font nullfont!
Missing character: There is no 值 (U+503C) in font nullfont!
Missing character: There is no 法 (U+6CD5) in font nullfont!
Missing character: There is no ( (U+0028) in font nullfont!
Missing character: There is no 条 (U+6761) in font nullfont!
Missing character: There is no 件 (U+4EF6) in font nullfont!
Missing character: There is no ： (U+FF1A) in font nullfont!
Missing character: There is no ) (U+0029) in font nullfont!
Missing character: There is no , (U+002C) in font nullfont!
Missing character: There is no 即 (U+5373) in font nullfont!
Missing character: There is no 用 (U+7528) in font nullfont!
Missing character: There is no 极 (U+6781) in font nullfont!
Missing character: There is no 限 (U+9650) in font nullfont!
Missing character: There is no 法 (U+6CD5) in font nullfont!
Missing character: There is no 或 (U+6216) in font nullfont!
Missing character: There is no 赋 (U+8D4B) in font nullfont!
Missing character: There is no 值 (U+503C) in font nullfont!
Missing character: There is no 法 (U+6CD5) in font nullfont!
Missing character: There is no 题 (U+9898) in font nullfont!
Missing character: There is no 目 (U+76EE) in font nullfont!
Missing character: There is no 也 (U+4E5F) in font nullfont!
Missing character: There is no 即 (U+5373) in font nullfont!
! Undefined control sequence.
<write> \newlabel{liushufa-9}{{9}{\thepage 
                                           }{}{equation.9}{}}
l.240 \clearpage
                
The control sequence at the end of the top line
of your error message was never \def'ed. If you have
misspelled it (e.g., `\hobx'), type `I' and the correct
spelling (e.g., `I\hbox'). Otherwise just continue,
and I'll forget about whatever was undefined.

\newlabel{liushufa-9}{{9}{}{}{equation.9}{}}
Missing character: There is no 解 (U+89E3) in font nullfont!
Missing character: There is no 析 (U+6790) in font nullfont!
Missing character: There is no f (U+0066) in font nullfont!
Missing character: There is no x (U+0078) in font nullfont!
Missing character: There is no x (U+0078) in font nullfont!
Missing character: There is no x (U+0078) in font nullfont!
Missing character: There is no = (U+003D) in font nullfont!
Missing character: There is no 0 (U+0030) in font nullfont!
Missing character: There is no 题 (U+9898) in font nullfont!
Missing character: There is no 目 (U+76EE) in font nullfont!
! Undefined control sequence.
<write> \newlabel{liushufa-10}{{10}{\thepage 
                                             }{}{equation.10}{}}
l.240 \clearpage
                
The control sequence at the end of the top line
of your error message was never \def'ed. If you have
misspelled it (e.g., `\hobx'), type `I' and the correct
spelling (e.g., `I\hbox'). Otherwise just continue,
and I'll forget about whatever was undefined.

\newlabel{liushufa-10}{{10}{}{}{equation.10}{}}
Missing character: There is no f (U+0066) in font nullfont!
Missing character: There is no = (U+003D) in font nullfont!
Missing character: There is no x (U+0078) in font nullfont!
Missing character: There is no x (U+0078) in font nullfont!
Missing character: There is no 若 (U+82E5) in font nullfont!
Missing character: There is no 为 (U+4E3A) in font nullfont!
Missing character: There is no 一 (U+4E00) in font nullfont!
Missing character: There is no 次 (U+6B21) in font nullfont!
Missing character: There is no 式 (U+5F0F) in font nullfont!
Missing character: There is no 、 (U+3001) in font nullfont!
Missing character: There is no 为 (U+4E3A) in font nullfont!
Missing character: There is no 二 (U+4E8C) in font nullfont!
Missing character: There is no 次 (U+6B21) in font nullfont!
Missing character: There is no 式 (U+5F0F) in font nullfont!
Missing character: There is no ( (U+0028) in font nullfont!
Missing character: There is no ) (U+0029) in font nullfont!
Missing character: There is no 且 (U+4E14) in font nullfont!
! Undefined control sequence.
<write> ...el{liushufa-yicifang-erci}{{}{\thepage 
                                                  }{}{equation.10}{}}
l.240 \clearpage
                
The control sequence at the end of the top line
of your error message was never \def'ed. If you have
misspelled it (e.g., `\hobx'), type `I' and the correct
spelling (e.g., `I\hbox'). Otherwise just continue,
and I'll forget about whatever was undefined.

\newlabel{liushufa-yicifang-erci}{{}{}{}{equation.10}{}}
Missing character: There is no f (U+0066) in font nullfont!
Missing character: There is no P (U+0050) in font nullfont!
Missing character: There is no Q (U+0051) in font nullfont!
Missing character: There is no = (U+003D) in font nullfont!
Missing character: There is no f (U+0066) in font nullfont!
Missing character: There is no f (U+0066) in font nullfont!
Missing character: There is no : (U+003A) in font nullfont!
Missing character: There is no 留 (U+7559) in font nullfont!
Missing character: There is no 数 (U+6570) in font nullfont!
Missing character: There is no 法 (U+6CD5) in font nullfont!
Missing character: There is no ， (U+FF0C) in font nullfont!
Missing character: There is no : (U+003A) in font nullfont!
Missing character: There is no 极 (U+6781) in font nullfont!
Missing character: There is no 限 (U+9650) in font nullfont!
Missing character: There is no 法 (U+6CD5) in font nullfont!
Missing character: There is no ， (U+FF0C) in font nullfont!
Missing character: There is no : (U+003A) in font nullfont!
Missing character: There is no 赋 (U+8D4B) in font nullfont!
Missing character: There is no 值 (U+503C) in font nullfont!
Missing character: There is no 法 (U+6CD5) in font nullfont!
]
! Undefined control sequence.
<write> ...ference `liushufa-11' on page \thepage 
                                                  \space undefined\on@line .
l.242 \fbox{题目\ref{liushufa-11}}
                                    
The control sequence at the end of the top line
of your error message was never \def'ed. If you have
misspelled it (e.g., `\hobx'), type `I' and the correct
spelling (e.g., `I\hbox'). Otherwise just continue,
and I'll forget about whatever was undefined.


LaTeX Warning: Reference `liushufa-11' on page  undefined on input line 242.


Overfull \hbox (37.65997pt too wide) in paragraph at lines 242--243
[][] 
 []


Overfull \hbox (20.0pt too wide) in paragraph at lines 246--246
[] 
 []

! Undefined control sequence.
l.247 	\dfrac
             {2x^{2}-x-1}{\left(x+1\right)\left(x^{2}+3x+1\right)}=\dfrac{f}...
The control sequence at the end of the top line
of your error message was never \def'ed. If you have
misspelled it (e.g., `\hobx'), type `I' and the correct
spelling (e.g., `I\hbox'). Otherwise just continue,
and I'll forget about whatever was undefined.

! Undefined control sequence.
l.247 ...x+1\right)\left(x^{2}+3x+1\right)}=\dfrac
                                                  {f}{x+1}+\dfrac{Ax+B}{x^{2...
The control sequence at the end of the top line
of your error message was never \def'ed. If you have
misspelled it (e.g., `\hobx'), type `I' and the correct
spelling (e.g., `I\hbox'). Otherwise just continue,
and I'll forget about whatever was undefined.

! Undefined control sequence.
l.247 ...(x^{2}+3x+1\right)}=\dfrac{f}{x+1}+\dfrac
                                                  {Ax+B}{x^{2}+3x+1}
The control sequence at the end of the top line
of your error message was never \def'ed. If you have
misspelled it (e.g., `\hobx'), type `I' and the correct
spelling (e.g., `I\hbox'). Otherwise just continue,
and I'll forget about whatever was undefined.


Overfull \hbox (276.17644pt too wide) detected at line 248
[][][] \OT1/cmr/m/n/10 = \OML/cmm/m/it/10 f[] \OT1/cmr/m/n/10 + [][]
 []


! LaTeX Error: Environment gather* undefined.

See the LaTeX manual or LaTeX Companion for explanation.
Type  H <return>  for immediate help.
 ...                                              
                                                  
l.252 \begin{gather*}
                     
Your command was ignored.
Type  I <command> <return>  to replace it with another command,
or  <return>  to continue without it.

! Missing $ inserted.
<inserted text> 
                $
l.253 	f=\left
              . \dfrac{2x^{2}-x-1}{x^{2}+3x+1} \right|_{\vphantom{\dfrac{1}{...
I've inserted a begin-math/end-math symbol since I think
you left one out. Proceed, with fingers crossed.

! Undefined control sequence.
l.253 	f=\left. \dfrac
                      {2x^{2}-x-1}{x^{2}+3x+1} \right|_{\vphantom{\dfrac{1}{...
The control sequence at the end of the top line
of your error message was never \def'ed. If you have
misspelled it (e.g., `\hobx'), type `I' and the correct
spelling (e.g., `I\hbox'). Otherwise just continue,
and I'll forget about whatever was undefined.

! Undefined control sequence.
<argument> \dfrac 
                  {1}{1}
l.253 ...2}+3x+1} \right|_{\vphantom{\dfrac{1}{1}}
                                                   x=-1}=-2 \\
The control sequence at the end of the top line
of your error message was never \def'ed. If you have
misspelled it (e.g., `\hobx'), type `I' and the correct
spelling (e.g., `I\hbox'). Otherwise just continue,
and I'll forget about whatever was undefined.

! Undefined control sequence.
<argument> \dfrac 
                  {1}{1}
l.253 ...2}+3x+1} \right|_{\vphantom{\dfrac{1}{1}}
                                                   x=-1}=-2 \\
The control sequence at the end of the top line
of your error message was never \def'ed. If you have
misspelled it (e.g., `\hobx'), type `I' and the correct
spelling (e.g., `I\hbox'). Otherwise just continue,
and I'll forget about whatever was undefined.

! Undefined control sequence.
<argument> \dfrac 
                  {1}{1}
l.253 ...2}+3x+1} \right|_{\vphantom{\dfrac{1}{1}}
                                                   x=-1}=-2 \\
The control sequence at the end of the top line
of your error message was never \def'ed. If you have
misspelled it (e.g., `\hobx'), type `I' and the correct
spelling (e.g., `I\hbox'). Otherwise just continue,
and I'll forget about whatever was undefined.

! Undefined control sequence.
<argument> \dfrac 
                  {1}{1}
l.253 ...2}+3x+1} \right|_{\vphantom{\dfrac{1}{1}}
                                                   x=-1}=-2 \\
The control sequence at the end of the top line
of your error message was never \def'ed. If you have
misspelled it (e.g., `\hobx'), type `I' and the correct
spelling (e.g., `I\hbox'). Otherwise just continue,
and I'll forget about whatever was undefined.

! Undefined control sequence.
<recently read> \text 
                      
l.254 	\text
            {两边同乘$x$,取$x\to\infty$极限，抓大头} \\
The control sequence at the end of the top line
of your error message was never \def'ed. If you have
misspelled it (e.g., `\hobx'), type `I' and the correct
spelling (e.g., `I\hbox'). Otherwise just continue,
and I'll forget about whatever was undefined.

! Missing } inserted.
<inserted text> 
                }
l.254 	\text{两边同乘$
                          x$,取$x\to\infty$极限，抓大头} \\
I've inserted something that you may have forgotten.
(See the <inserted text> above.)
With luck, this will get me unwedged. But if you
really didn't forget anything, try typing `2' now; then
my insertion and my current dilemma will both disappear.

Missing character: There is no 两 (U+4E24) in font cmr10!
Missing character: There is no 两 (U+4E24) in font cmr10!
Missing character: There is no 边 (U+8FB9) in font cmr10!
Missing character: There is no 边 (U+8FB9) in font cmr10!
Missing character: There is no 同 (U+540C) in font cmr10!
Missing character: There is no 同 (U+540C) in font cmr10!
Missing character: There is no 乘 (U+4E58) in font cmr10!
Missing character: There is no 取 (U+53D6) in font cmr10!
! Extra }, or forgotten $.
l.254 ...乘$x$,取$x\to\infty$极限，抓大头}
                                                   \\
I've deleted a group-closing symbol because it seems to be
spurious, as in `$x}$'. But perhaps the } is legitimate and
you forgot something else, as in `\hbox{$x}'. In such cases
the way to recover is to insert both the forgotten and the
deleted material, e.g., by typing `I$}'.

! Undefined control sequence.
<recently read> \text 
                      
l.256 	\text
            {令$x=0$,}\hspace{1em} -1=f+B\hspace{1em},B=1
The control sequence at the end of the top line
of your error message was never \def'ed. If you have
misspelled it (e.g., `\hobx'), type `I' and the correct
spelling (e.g., `I\hbox'). Otherwise just continue,
and I'll forget about whatever was undefined.

! Missing } inserted.
<inserted text> 
                }
l.256 	\text{令$
                 x=0$,}\hspace{1em} -1=f+B\hspace{1em},B=1
I've inserted something that you may have forgotten.
(See the <inserted text> above.)
With luck, this will get me unwedged. But if you
really didn't forget anything, try typing `2' now; then
my insertion and my current dilemma will both disappear.

Missing character: There is no 极 (U+6781) in font cmr10!
Missing character: There is no 极 (U+6781) in font cmr10!
Missing character: There is no 限 (U+9650) in font cmr10!
Missing character: There is no 限 (U+9650) in font cmr10!
Missing character: There is no ， (U+FF0C) in font cmr10!
Missing character: There is no ， (U+FF0C) in font cmr10!
Missing character: There is no 抓 (U+6293) in font cmr10!
Missing character: There is no 抓 (U+6293) in font cmr10!
Missing character: There is no 大 (U+5927) in font cmr10!
Missing character: There is no 大 (U+5927) in font cmr10!
Missing character: There is no 头 (U+5934) in font cmr10!
Missing character: There is no 令 (U+4EE4) in font cmr10!
! Extra }, or forgotten $.
l.256 	\text{令$x=0$,}
                       \hspace{1em} -1=f+B\hspace{1em},B=1
I've deleted a group-closing symbol because it seems to be
spurious, as in `$x}$'. But perhaps the } is legitimate and
you forgot something else, as in `\hbox{$x}'. In such cases
the way to recover is to insert both the forgotten and the
deleted material, e.g., by typing `I$}'.


! LaTeX Error: \begin{document} ended by \end{gather*}.

See the LaTeX manual or LaTeX Companion for explanation.
Type  H <return>  for immediate help.
 ...                                              
                                                  
l.257 \end{gather*}
                   
Your command was ignored.
Type  I <command> <return>  to replace it with another command,
or  <return>  to continue without it.

! Missing $ inserted.
<inserted text> 
                $
l.257 \end{gather*}
                   
I've inserted something that you may have forgotten.
(See the <inserted text> above.)
With luck, this will get me unwedged. But if you
really didn't forget anything, try typing `2' now; then
my insertion and my current dilemma will both disappear.


Overfull \hbox (157.22058pt too wide) in paragraph at lines 253--258
[]f=$[][] \OT1/cmr/m/n/10 =
 []


Overfull \hbox (12.77782pt too wide) in paragraph at lines 253--258
\OMS/cmsy/m/n/10 ^^@\OT1/cmr/m/n/10 2[] 
 []


Overfull \hbox (24.44444pt too wide) in paragraph at lines 253--258
[]$x$\OML/cmm/m/it/10 ; $\nullfont x\OMS/cmsy/m/n/10 !1$[] 
 []


Overfull \hbox (15.55553pt too wide) in paragraph at lines 253--258
\OT1/cmr/m/n/10 2 =
 []


Overfull \hbox (13.75006pt too wide) in paragraph at lines 253--258
\OML/cmm/m/it/10 f \OT1/cmr/m/n/10 +
 []


Overfull \hbox (29.99995pt too wide) in paragraph at lines 253--258
\OML/cmm/m/it/10 A; A \OT1/cmr/m/n/10 =
 []


Overfull \hbox (5.00002pt too wide) in paragraph at lines 253--258
\OT1/cmr/m/n/10 4[] 
 []


Overfull \hbox (27.77774pt too wide) in paragraph at lines 253--258
x=0$\OML/cmm/m/it/10 ; \OMS/cmsy/m/n/10 ^^@\OT1/cmr/m/n/10 1 =
 []


Overfull \hbox (13.75006pt too wide) in paragraph at lines 253--258
\OML/cmm/m/it/10 f \OT1/cmr/m/n/10 +
 []


Overfull \hbox (31.17354pt too wide) in paragraph at lines 253--258
\OML/cmm/m/it/10 B; B \OT1/cmr/m/n/10 =
 []


Overfull \hbox (5.00002pt too wide) in paragraph at lines 253--258
\OT1/cmr/m/n/10 1$ 
 []

! Undefined control sequence.
<write> ...ference `liushufa-12' on page \thepage 
                                                  \space undefined\on@line .
l.259 \fbox{题目\ref{liushufa-12}}
                                    
The control sequence at the end of the top line
of your error message was never \def'ed. If you have
misspelled it (e.g., `\hobx'), type `I' and the correct
spelling (e.g., `I\hbox'). Otherwise just continue,
and I'll forget about whatever was undefined.


LaTeX Warning: Reference `liushufa-12' on page  undefined on input line 259.


Overfull \hbox (37.65997pt too wide) in paragraph at lines 259--260
[][] 
 []


Overfull \hbox (20.0pt too wide) in paragraph at lines 263--263
[] 
 []

! Undefined control sequence.
l.264 	\dfrac
             {x+3}{\left(x-1\right)\left(x^{2}+1\right)}=\dfrac{2}{x-1}+\dfr...
The control sequence at the end of the top line
of your error message was never \def'ed. If you have
misspelled it (e.g., `\hobx'), type `I' and the correct
spelling (e.g., `I\hbox'). Otherwise just continue,
and I'll forget about whatever was undefined.

! Undefined control sequence.
l.264 ...ft(x-1\right)\left(x^{2}+1\right)}=\dfrac
                                                  {2}{x-1}+\dfrac{-2x-1}{x^{...
The control sequence at the end of the top line
of your error message was never \def'ed. If you have
misspelled it (e.g., `\hobx'), type `I' and the correct
spelling (e.g., `I\hbox'). Otherwise just continue,
and I'll forget about whatever was undefined.

! Undefined control sequence.
l.264 ...eft(x^{2}+1\right)}=\dfrac{2}{x-1}+\dfrac
                                                  {-2x-1}{x^{2}+1} \hspace{1...
The control sequence at the end of the top line
of your error message was never \def'ed. If you have
misspelled it (e.g., `\hobx'), type `I' and the correct
spelling (e.g., `I\hbox'). Otherwise just continue,
and I'll forget about whatever was undefined.

Missing character: There is no 过 (U+8FC7) in font cmr10!
Missing character: There is no 过 (U+8FC7) in font cmr10!
Missing character: There is no 程 (U+7A0B) in font cmr10!
Missing character: There is no 程 (U+7A0B) in font cmr10!
Missing character: There is no 略 (U+7565) in font cmr10!
Missing character: There is no 略 (U+7565) in font cmr10!

Overfull \hbox (211.8746pt too wide) detected at line 265
[][][] \OT1/cmr/m/n/10 = 2[] + [][]()
 []

! Undefined control sequence.
l.267 \subsection
                 {若$P$为一次式、$Q$为二次式($\Delta<0$)且$\dfrac...
The control sequence at the end of the top line
of your error message was never \def'ed. If you have
misspelled it (e.g., `\hobx'), type `I' and the correct
spelling (e.g., `I\hbox'). Otherwise just continue,
and I'll forget about whatever was undefined.

! Undefined control sequence.
<recently read> \dfrac 
                       
l.267 ...、$Q$为二次式($\Delta<0$)且$\dfrac
                                                  {f}{P^2\cdot Q}$}
The control sequence at the end of the top line
of your error message was never \def'ed. If you have
misspelled it (e.g., `\hobx'), type `I' and the correct
spelling (e.g., `I\hbox'). Otherwise just continue,
and I'll forget about whatever was undefined.


Overfull \hbox (54.60345pt too wide) in paragraph at lines 267--268
[]若$\OML/cmm/m/it/10 P$\nullfont 为一次式、$\OML/cmm/m/it/10 Q$\nullfont
 为二次式($\OT1/cmr/m/n/10  \OML/cmm/m/it/10 <
 []


Overfull \hbox (38.39511pt too wide) in paragraph at lines 267--268
\OT1/cmr/m/n/10 0$\nullfont )且$\OML/cmm/m/it/10 f[]$ 
 []


Overfull \hbox (20.0pt too wide) in paragraph at lines 271--271
[][] 
 []

! Undefined control sequence.
l.271 \[\dfrac
              {f}{P^{2}\cdot Q}=\dfrac{f_{1}}{Q}+\dfrac{A}{P^{2}}+\dfrac{B}{...
The control sequence at the end of the top line
of your error message was never \def'ed. If you have
misspelled it (e.g., `\hobx'), type `I' and the correct
spelling (e.g., `I\hbox'). Otherwise just continue,
and I'll forget about whatever was undefined.

! Undefined control sequence.
l.271 \[\dfrac{f}{P^{2}\cdot Q}=\dfrac
                                      {f_{1}}{Q}+\dfrac{A}{P^{2}}+\dfrac{B}{...
The control sequence at the end of the top line
of your error message was never \def'ed. If you have
misspelled it (e.g., `\hobx'), type `I' and the correct
spelling (e.g., `I\hbox'). Otherwise just continue,
and I'll forget about whatever was undefined.

! Undefined control sequence.
l.271 ...{f}{P^{2}\cdot Q}=\dfrac{f_{1}}{Q}+\dfrac
                                                  {A}{P^{2}}+\dfrac{B}{P}\]
The control sequence at the end of the top line
of your error message was never \def'ed. If you have
misspelled it (e.g., `\hobx'), type `I' and the correct
spelling (e.g., `I\hbox'). Otherwise just continue,
and I'll forget about whatever was undefined.

! Undefined control sequence.
l.271 ...=\dfrac{f_{1}}{Q}+\dfrac{A}{P^{2}}+\dfrac
                                                  {B}{P}\]
The control sequence at the end of the top line
of your error message was never \def'ed. If you have
misspelled it (e.g., `\hobx'), type `I' and the correct
spelling (e.g., `I\hbox'). Otherwise just continue,
and I'll forget about whatever was undefined.


Overfull \hbox (115.26248pt too wide) detected at line 271
\OML/cmm/m/it/10 f[] \OT1/cmr/m/n/10 = []\OML/cmm/m/it/10 Q \OT1/cmr/m/n/10 + \
OML/cmm/m/it/10 A[] \OT1/cmr/m/n/10 + \OML/cmm/m/it/10 BP
 []


Overfull \hbox (20.0pt too wide) in paragraph at lines 273--273
[] 
 []

! Undefined control sequence.
l.274 ...条件：$Q=0$)，即$f_{1}=\left. \dfrac
                                                  {f}{P^2} \right|_{\vphanto...
The control sequence at the end of the top line
of your error message was never \def'ed. If you have
misspelled it (e.g., `\hobx'), type `I' and the correct
spelling (e.g., `I\hbox'). Otherwise just continue,
and I'll forget about whatever was undefined.

! Undefined control sequence.
<argument> \dfrac 
                  {1}{1}
l.274 ...{f}{P^2} \right|_{\vphantom{\dfrac{1}{1}}
                                                   Q=0}$
The control sequence at the end of the top line
of your error message was never \def'ed. If you have
misspelled it (e.g., `\hobx'), type `I' and the correct
spelling (e.g., `I\hbox'). Otherwise just continue,
and I'll forget about whatever was undefined.

! Undefined control sequence.
<argument> \dfrac 
                  {1}{1}
l.274 ...{f}{P^2} \right|_{\vphantom{\dfrac{1}{1}}
                                                   Q=0}$
The control sequence at the end of the top line
of your error message was never \def'ed. If you have
misspelled it (e.g., `\hobx'), type `I' and the correct
spelling (e.g., `I\hbox'). Otherwise just continue,
and I'll forget about whatever was undefined.

! Undefined control sequence.
<argument> \dfrac 
                  {1}{1}
l.274 ...{f}{P^2} \right|_{\vphantom{\dfrac{1}{1}}
                                                   Q=0}$
The control sequence at the end of the top line
of your error message was never \def'ed. If you have
misspelled it (e.g., `\hobx'), type `I' and the correct
spelling (e.g., `I\hbox'). Otherwise just continue,
and I'll forget about whatever was undefined.

! Undefined control sequence.
<argument> \dfrac 
                  {1}{1}
l.274 ...{f}{P^2} \right|_{\vphantom{\dfrac{1}{1}}
                                                   Q=0}$
The control sequence at the end of the top line
of your error message was never \def'ed. If you have
misspelled it (e.g., `\hobx'), type `I' and the correct
spelling (e.g., `I\hbox'). Otherwise just continue,
and I'll forget about whatever was undefined.


Overfull \hbox (27.84305pt too wide) in paragraph at lines 274--275
\OML/cmm/m/it/10 f[]$\nullfont 用留数法(条件：$\OML/cmm/m/it/10 Q \OT1/c
mr/m/n/10 =
 []


Overfull \hbox (24.93752pt too wide) in paragraph at lines 274--275
\OT1/cmr/m/n/10 0$\nullfont )，即$\OML/cmm/m/it/10 f[] \OT1/cmr/m/n/10 =
 []


Overfull \hbox (39.72357pt too wide) in paragraph at lines 274--275
[][]$ 
 []

! Undefined control sequence.
l.275 ...法(条件：$p=0$),即$A=\left. \dfrac
                                                  {f}{Q} \right|_{\vphantom{...
The control sequence at the end of the top line
of your error message was never \def'ed. If you have
misspelled it (e.g., `\hobx'), type `I' and the correct
spelling (e.g., `I\hbox'). Otherwise just continue,
and I'll forget about whatever was undefined.

! Undefined control sequence.
<argument> \dfrac 
                  {1}{1}
l.275 ...ac{f}{Q} \right|_{\vphantom{\dfrac{1}{1}}
                                                   P=0}$
The control sequence at the end of the top line
of your error message was never \def'ed. If you have
misspelled it (e.g., `\hobx'), type `I' and the correct
spelling (e.g., `I\hbox'). Otherwise just continue,
and I'll forget about whatever was undefined.

! Undefined control sequence.
<argument> \dfrac 
                  {1}{1}
l.275 ...ac{f}{Q} \right|_{\vphantom{\dfrac{1}{1}}
                                                   P=0}$
The control sequence at the end of the top line
of your error message was never \def'ed. If you have
misspelled it (e.g., `\hobx'), type `I' and the correct
spelling (e.g., `I\hbox'). Otherwise just continue,
and I'll forget about whatever was undefined.

! Undefined control sequence.
<argument> \dfrac 
                  {1}{1}
l.275 ...ac{f}{Q} \right|_{\vphantom{\dfrac{1}{1}}
                                                   P=0}$
The control sequence at the end of the top line
of your error message was never \def'ed. If you have
misspelled it (e.g., `\hobx'), type `I' and the correct
spelling (e.g., `I\hbox'). Otherwise just continue,
and I'll forget about whatever was undefined.

! Undefined control sequence.
<argument> \dfrac 
                  {1}{1}
l.275 ...ac{f}{Q} \right|_{\vphantom{\dfrac{1}{1}}
                                                   P=0}$
The control sequence at the end of the top line
of your error message was never \def'ed. If you have
misspelled it (e.g., `\hobx'), type `I' and the correct
spelling (e.g., `I\hbox'). Otherwise just continue,
and I'll forget about whatever was undefined.


Overfull \hbox (23.08678pt too wide) in paragraph at lines 275--276
\OML/cmm/m/it/10 A$\nullfont 用留数法或赋值法(条件：$\OML/cmm/m/it/1
0 p \OT1/cmr/m/n/10 =
 []


Overfull \hbox (23.05554pt too wide) in paragraph at lines 275--276
\OT1/cmr/m/n/10 0$\nullfont ),即$\OML/cmm/m/it/10 A \OT1/cmr/m/n/10 =
 []


Overfull \hbox (34.64835pt too wide) in paragraph at lines 275--276
[][]$ 
 []


Overfull \hbox (8.0868pt too wide) in paragraph at lines 276--277
\OML/cmm/m/it/10 B$\nullfont 用极限法或赋值法 
 []

! Undefined control sequence.
<write> ...ference `liushufa-13' on page \thepage 
                                                  \space undefined\on@line .
l.279 ...\ref{liushufa-13}也即\ref{liushufa-5}}
                                                  
The control sequence at the end of the top line
of your error message was never \def'ed. If you have
misspelled it (e.g., `\hobx'), type `I' and the correct
spelling (e.g., `I\hbox'). Otherwise just continue,
and I'll forget about whatever was undefined.


LaTeX Warning: Reference `liushufa-13' on page  undefined on input line 279.

! Undefined control sequence.
<write> ...eference `liushufa-5' on page \thepage 
                                                  \space undefined\on@line .
l.279 ...\ref{liushufa-13}也即\ref{liushufa-5}}
                                                  
The control sequence at the end of the top line
of your error message was never \def'ed. If you have
misspelled it (e.g., `\hobx'), type `I' and the correct
spelling (e.g., `I\hbox'). Otherwise just continue,
and I'll forget about whatever was undefined.


LaTeX Warning: Reference `liushufa-5' on page  undefined on input line 279.


Overfull \hbox (48.51996pt too wide) in paragraph at lines 279--280
[][] 
 []


Overfull \hbox (20.0pt too wide) in paragraph at lines 283--283
[] 
 []

! Undefined control sequence.
l.284 	\dfrac
             {3x+6}{\left(x-1\right)^{2}\left(x^{2}+x+1\right)}=\dfrac{f_{1}...
The control sequence at the end of the top line
of your error message was never \def'ed. If you have
misspelled it (e.g., `\hobx'), type `I' and the correct
spelling (e.g., `I\hbox'). Otherwise just continue,
and I'll forget about whatever was undefined.

! Undefined control sequence.
l.284 ...\right)^{2}\left(x^{2}+x+1\right)}=\dfrac
                                                  {f_{1}}{x^{2}+x+1}+\dfrac{...
The control sequence at the end of the top line
of your error message was never \def'ed. If you have
misspelled it (e.g., `\hobx'), type `I' and the correct
spelling (e.g., `I\hbox'). Otherwise just continue,
and I'll forget about whatever was undefined.

! Undefined control sequence.
l.284 ...1\right)}=\dfrac{f_{1}}{x^{2}+x+1}+\dfrac
                                                  {A}{\left(x-1\right)^{2}}+...
The control sequence at the end of the top line
of your error message was never \def'ed. If you have
misspelled it (e.g., `\hobx'), type `I' and the correct
spelling (e.g., `I\hbox'). Otherwise just continue,
and I'll forget about whatever was undefined.

! Undefined control sequence.
l.284 ...1}+\dfrac{A}{\left(x-1\right)^{2}}+\dfrac
                                                  {B}{x-1}
The control sequence at the end of the top line
of your error message was never \def'ed. If you have
misspelled it (e.g., `\hobx'), type `I' and the correct
spelling (e.g., `I\hbox'). Otherwise just continue,
and I'll forget about whatever was undefined.


Overfull \hbox (276.69048pt too wide) detected at line 285
[][][] \OT1/cmr/m/n/10 = [][] + \OML/cmm/m/it/10 A[] \OT1/cmr/m/n/10 + \OML/cmm
/m/it/10 B[]
 []


! LaTeX Error: Environment align* undefined.

See the LaTeX manual or LaTeX Companion for explanation.
Type  H <return>  for immediate help.
 ...                                              
                                                  
l.289 \begin{align*}
                    
Your command was ignored.
Type  I <command> <return>  to replace it with another command,
or  <return>  to continue without it.

! Missing $ inserted.
<inserted text> 
                $
l.290 	f_
         {1}&=\left. \dfrac{3x+6}{(x-1)^2} \right|_{\vphantom{\dfrac{1}{1}} ...
I've inserted a begin-math/end-math symbol since I think
you left one out. Proceed, with fingers crossed.

! Misplaced alignment tab character &.
l.290 	f_{1}&
             =\left. \dfrac{3x+6}{(x-1)^2} \right|_{\vphantom{\dfrac{1}{1}} ...
I can't figure out why you would want to use a tab mark
here. If you just want an ampersand, the remedy is
simple: Just type `I\&' now. But if some right brace
up above has ended a previous alignment prematurely,
you're probably due for more error messages, and you
might try typing `S' now just to see what is salvageable.

! Undefined control sequence.
l.290 	f_{1}&=\left. \dfrac
                           {3x+6}{(x-1)^2} \right|_{\vphantom{\dfrac{1}{1}} ...
The control sequence at the end of the top line
of your error message was never \def'ed. If you have
misspelled it (e.g., `\hobx'), type `I' and the correct
spelling (e.g., `I\hbox'). Otherwise just continue,
and I'll forget about whatever was undefined.

! Undefined control sequence.
<argument> \dfrac 
                  {1}{1}
l.290 ...(x-1)^2} \right|_{\vphantom{\dfrac{1}{1}}
                                                   x^{2}+x+1=0} = \dfrac{3x+...
The control sequence at the end of the top line
of your error message was never \def'ed. If you have
misspelled it (e.g., `\hobx'), type `I' and the correct
spelling (e.g., `I\hbox'). Otherwise just continue,
and I'll forget about whatever was undefined.

! Undefined control sequence.
<argument> \dfrac 
                  {1}{1}
l.290 ...(x-1)^2} \right|_{\vphantom{\dfrac{1}{1}}
                                                   x^{2}+x+1=0} = \dfrac{3x+...
The control sequence at the end of the top line
of your error message was never \def'ed. If you have
misspelled it (e.g., `\hobx'), type `I' and the correct
spelling (e.g., `I\hbox'). Otherwise just continue,
and I'll forget about whatever was undefined.

! Undefined control sequence.
<argument> \dfrac 
                  {1}{1}
l.290 ...(x-1)^2} \right|_{\vphantom{\dfrac{1}{1}}
                                                   x^{2}+x+1=0} = \dfrac{3x+...
The control sequence at the end of the top line
of your error message was never \def'ed. If you have
misspelled it (e.g., `\hobx'), type `I' and the correct
spelling (e.g., `I\hbox'). Otherwise just continue,
and I'll forget about whatever was undefined.

! Undefined control sequence.
<argument> \dfrac 
                  {1}{1}
l.290 ...(x-1)^2} \right|_{\vphantom{\dfrac{1}{1}}
                                                   x^{2}+x+1=0} = \dfrac{3x+...
The control sequence at the end of the top line
of your error message was never \def'ed. If you have
misspelled it (e.g., `\hobx'), type `I' and the correct
spelling (e.g., `I\hbox'). Otherwise just continue,
and I'll forget about whatever was undefined.

! Undefined control sequence.
l.290 ...antom{\dfrac{1}{1}} x^{2}+x+1=0} = \dfrac
                                                  {3x+6}{(x^{2}+x+1)-3x} = -...
The control sequence at the end of the top line
of your error message was never \def'ed. If you have
misspelled it (e.g., `\hobx'), type `I' and the correct
spelling (e.g., `I\hbox'). Otherwise just continue,
and I'll forget about whatever was undefined.

! Undefined control sequence.
l.290 ... = \dfrac{3x+6}{(x^{2}+x+1)-3x} = -\dfrac
                                                  {x+2}{x} \\[5pt]
The control sequence at the end of the top line
of your error message was never \def'ed. If you have
misspelled it (e.g., `\hobx'), type `I' and the correct
spelling (e.g., `I\hbox'). Otherwise just continue,
and I'll forget about whatever was undefined.

! Misplaced alignment tab character &.
l.291 	&
        =-\dfrac{\left(x+2\right)\left(x+1\right)}{x\left(x+1\right)}=-\dfra...
I can't figure out why you would want to use a tab mark
here. If you just want an ampersand, the remedy is
simple: Just type `I\&' now. But if some right brace
up above has ended a previous alignment prematurely,
you're probably due for more error messages, and you
might try typing `S' now just to see what is salvageable.

! Undefined control sequence.
l.291 	&=-\dfrac
                {\left(x+2\right)\left(x+1\right)}{x\left(x+1\right)}=-\dfra...
The control sequence at the end of the top line
of your error message was never \def'ed. If you have
misspelled it (e.g., `\hobx'), type `I' and the correct
spelling (e.g., `I\hbox'). Otherwise just continue,
and I'll forget about whatever was undefined.

! Undefined control sequence.
l.291 ...ft(x+1\right)}{x\left(x+1\right)}=-\dfrac
                                                  {\left(x^{2}+x+1\right)+2x...
The control sequence at the end of the top line
of your error message was never \def'ed. If you have
misspelled it (e.g., `\hobx'), type `I' and the correct
spelling (e.g., `I\hbox'). Otherwise just continue,
and I'll forget about whatever was undefined.


! LaTeX Error: \begin{document} ended by \end{align*}.

See the LaTeX manual or LaTeX Companion for explanation.
Type  H <return>  for immediate help.
 ...                                              
                                                  
l.292 \end{align*}
                  
Your command was ignored.
Type  I <command> <return>  to replace it with another command,
or  <return>  to continue without it.

! Missing $ inserted.
<inserted text> 
                $
l.292 \end{align*}
                  
I've inserted something that you may have forgotten.
(See the <inserted text> above.)
With luck, this will get me unwedged. But if you
really didn't forget anything, try typing `2' now; then
my insertion and my current dilemma will both disappear.


Overfull \hbox (35.04164pt too wide) in paragraph at lines 290--293
[]f$[][] \OT1/cmr/m/n/10 =
 []


Overfull \hbox (118.08893pt too wide) in paragraph at lines 290--293
[][] \OT1/cmr/m/n/10 =
 []


Overfull \hbox (114.56914pt too wide) in paragraph at lines 290--293
[][] \OT1/cmr/m/n/10 =
 []


Overfull \hbox (36.4305pt too wide) in paragraph at lines 290--293
\OMS/cmsy/m/n/10 ^^@[]\OML/cmm/m/it/10 x 
 []


Overfull \hbox (7.7778pt too wide) in paragraph at lines 290--293
\OT1/cmr/m/n/10 =
 []


Overfull \hbox (119.52751pt too wide) in paragraph at lines 290--293
\OMS/cmsy/m/n/10 ^^@[][] \OT1/cmr/m/n/10 =
 []


Overfull \hbox (184.7704pt too wide) in paragraph at lines 290--293
\OMS/cmsy/m/n/10 ^^@[][] \OT1/cmr/m/n/10 =
 []


Overfull \hbox (18.49309pt too wide) in paragraph at lines 290--293
\OT1/cmr/m/n/10 2\OML/cmm/m/it/10 x \OT1/cmr/m/n/10 +
 []


Overfull \hbox (5.00002pt too wide) in paragraph at lines 290--293
\OT1/cmr/m/n/10 1$ 
 []




! LaTeX Error: The font size command \normalsize is not defined:
               there is probably something wrong with the class file.

See the LaTeX manual or LaTeX Companion for explanation.
Type  H <return>  for immediate help.
 ...                                              
                                                  
l.294 \clearpage
                
Your command was ignored.
Type  I <command> <return>  to replace it with another command,
or  <return>  to continue without it.

[4


Missing character: There is no 题 (U+9898) in font nullfont!
Missing character: There is no 目 (U+76EE) in font nullfont!
! Undefined control sequence.
<write> \newlabel{liushufa-11}{{11}{\thepage 
                                             }{}{equation.11}{}}
l.294 \clearpage
                
The control sequence at the end of the top line
of your error message was never \def'ed. If you have
misspelled it (e.g., `\hobx'), type `I' and the correct
spelling (e.g., `I\hbox'). Otherwise just continue,
and I'll forget about whatever was undefined.

\newlabel{liushufa-11}{{11}{}{}{equation.11}{}}
Missing character: There is no f (U+0066) in font nullfont!
Missing character: There is no = (U+003D) in font nullfont!
Missing character: There is no x (U+0078) in font nullfont!
Missing character: There is no x (U+0078) in font nullfont!
Missing character: There is no x (U+0078) in font nullfont!
Missing character: There is no = (U+003D) in font nullfont!
Missing character: There is no 0 (U+0030) in font nullfont!
Missing character: There is no 题 (U+9898) in font nullfont!
Missing character: There is no 目 (U+76EE) in font nullfont!
! Undefined control sequence.
<write> \newlabel{liushufa-12}{{12}{\thepage 
                                             }{}{equation.12}{}}
l.294 \clearpage
                
The control sequence at the end of the top line
of your error message was never \def'ed. If you have
misspelled it (e.g., `\hobx'), type `I' and the correct
spelling (e.g., `I\hbox'). Otherwise just continue,
and I'll forget about whatever was undefined.

\newlabel{liushufa-12}{{12}{}{}{equation.12}{}}
Missing character: There is no 若 (U+82E5) in font nullfont!
Missing character: There is no 为 (U+4E3A) in font nullfont!
Missing character: There is no 一 (U+4E00) in font nullfont!
Missing character: There is no 次 (U+6B21) in font nullfont!
Missing character: There is no 式 (U+5F0F) in font nullfont!
Missing character: There is no 、 (U+3001) in font nullfont!
Missing character: There is no 为 (U+4E3A) in font nullfont!
Missing character: There is no 二 (U+4E8C) in font nullfont!
Missing character: There is no 次 (U+6B21) in font nullfont!
Missing character: There is no 式 (U+5F0F) in font nullfont!
Missing character: There is no ( (U+0028) in font nullfont!
Missing character: There is no ) (U+0029) in font nullfont!
Missing character: There is no 且 (U+4E14) in font nullfont!
Missing character: There is no 用 (U+7528) in font nullfont!
Missing character: There is no 留 (U+7559) in font nullfont!
Missing character: There is no 数 (U+6570) in font nullfont!
Missing character: There is no 法 (U+6CD5) in font nullfont!
Missing character: There is no ( (U+0028) in font nullfont!
Missing character: There is no 条 (U+6761) in font nullfont!
Missing character: There is no 件 (U+4EF6) in font nullfont!
Missing character: There is no ： (U+FF1A) in font nullfont!
Missing character: There is no ) (U+0029) in font nullfont!
Missing character: There is no ， (U+FF0C) in font nullfont!
Missing character: There is no 即 (U+5373) in font nullfont!
Missing character: There is no 用 (U+7528) in font nullfont!
Missing character: There is no 留 (U+7559) in font nullfont!
Missing character: There is no 数 (U+6570) in font nullfont!
Missing character: There is no 法 (U+6CD5) in font nullfont!
Missing character: There is no 或 (U+6216) in font nullfont!
Missing character: There is no 赋 (U+8D4B) in font nullfont!
Missing character: There is no 值 (U+503C) in font nullfont!
Missing character: There is no 法 (U+6CD5) in font nullfont!
Missing character: There is no ( (U+0028) in font nullfont!
Missing character: There is no 条 (U+6761) in font nullfont!
Missing character: There is no 件 (U+4EF6) in font nullfont!
Missing character: There is no ： (U+FF1A) in font nullfont!
Missing character: There is no ) (U+0029) in font nullfont!
Missing character: There is no , (U+002C) in font nullfont!
Missing character: There is no 即 (U+5373) in font nullfont!
Missing character: There is no 用 (U+7528) in font nullfont!
Missing character: There is no 极 (U+6781) in font nullfont!
Missing character: There is no 限 (U+9650) in font nullfont!
Missing character: There is no 法 (U+6CD5) in font nullfont!
Missing character: There is no 或 (U+6216) in font nullfont!
Missing character: There is no 赋 (U+8D4B) in font nullfont!
Missing character: There is no 值 (U+503C) in font nullfont!
Missing character: There is no 法 (U+6CD5) in font nullfont!
Missing character: There is no 题 (U+9898) in font nullfont!
Missing character: There is no 目 (U+76EE) in font nullfont!
Missing character: There is no 也 (U+4E5F) in font nullfont!
Missing character: There is no 即 (U+5373) in font nullfont!
! Undefined control sequence.
<write> \newlabel{liushufa-13}{{13}{\thepage 
                                             }{}{equation.13}{}}
l.294 \clearpage
                
The control sequence at the end of the top line
of your error message was never \def'ed. If you have
misspelled it (e.g., `\hobx'), type `I' and the correct
spelling (e.g., `I\hbox'). Otherwise just continue,
and I'll forget about whatever was undefined.

\newlabel{liushufa-13}{{13}{}{}{equation.13}{}}
Missing character: There is no f (U+0066) in font nullfont!
]

! LaTeX Error: Environment gather* undefined.

See the LaTeX manual or LaTeX Companion for explanation.
Type  H <return>  for immediate help.
 ...                                              
                                                  
l.298 \begin{gather*}
                     
Your command was ignored.
Type  I <command> <return>  to replace it with another command,
or  <return>  to continue without it.

! Missing $ inserted.
<inserted text> 
                $
l.299 	A=\left
              . \dfrac{3x+6}{x^{2}+x+1} \right|_{\vphantom{\dfrac{1}{1}} x=1...
I've inserted a begin-math/end-math symbol since I think
you left one out. Proceed, with fingers crossed.

! Undefined control sequence.
l.299 	A=\left. \dfrac
                      {3x+6}{x^{2}+x+1} \right|_{\vphantom{\dfrac{1}{1}} x=1...
The control sequence at the end of the top line
of your error message was never \def'ed. If you have
misspelled it (e.g., `\hobx'), type `I' and the correct
spelling (e.g., `I\hbox'). Otherwise just continue,
and I'll forget about whatever was undefined.

! Undefined control sequence.
<argument> \dfrac 
                  {1}{1}
l.299 ...{2}+x+1} \right|_{\vphantom{\dfrac{1}{1}}
                                                   x=1}=3\\
The control sequence at the end of the top line
of your error message was never \def'ed. If you have
misspelled it (e.g., `\hobx'), type `I' and the correct
spelling (e.g., `I\hbox'). Otherwise just continue,
and I'll forget about whatever was undefined.

! Undefined control sequence.
<argument> \dfrac 
                  {1}{1}
l.299 ...{2}+x+1} \right|_{\vphantom{\dfrac{1}{1}}
                                                   x=1}=3\\
The control sequence at the end of the top line
of your error message was never \def'ed. If you have
misspelled it (e.g., `\hobx'), type `I' and the correct
spelling (e.g., `I\hbox'). Otherwise just continue,
and I'll forget about whatever was undefined.

! Undefined control sequence.
<argument> \dfrac 
                  {1}{1}
l.299 ...{2}+x+1} \right|_{\vphantom{\dfrac{1}{1}}
                                                   x=1}=3\\
The control sequence at the end of the top line
of your error message was never \def'ed. If you have
misspelled it (e.g., `\hobx'), type `I' and the correct
spelling (e.g., `I\hbox'). Otherwise just continue,
and I'll forget about whatever was undefined.

! Undefined control sequence.
<argument> \dfrac 
                  {1}{1}
l.299 ...{2}+x+1} \right|_{\vphantom{\dfrac{1}{1}}
                                                   x=1}=3\\
The control sequence at the end of the top line
of your error message was never \def'ed. If you have
misspelled it (e.g., `\hobx'), type `I' and the correct
spelling (e.g., `I\hbox'). Otherwise just continue,
and I'll forget about whatever was undefined.

! Undefined control sequence.
<recently read> \text 
                      
l.300 	\text
            {令$x=0$,\hspace{1em} $6=1+3-B$,\hspace{1em} $B=-2$}
The control sequence at the end of the top line
of your error message was never \def'ed. If you have
misspelled it (e.g., `\hobx'), type `I' and the correct
spelling (e.g., `I\hbox'). Otherwise just continue,
and I'll forget about whatever was undefined.

! Missing } inserted.
<inserted text> 
                }
l.300 	\text{令$
                 x=0$,\hspace{1em} $6=1+3-B$,\hspace{1em} $B=-2$}
I've inserted something that you may have forgotten.
(See the <inserted text> above.)
With luck, this will get me unwedged. But if you
really didn't forget anything, try typing `2' now; then
my insertion and my current dilemma will both disappear.

Missing character: There is no 令 (U+4EE4) in font cmr10!
! Extra }, or forgotten $.
<recently read> }
                 
l.300 ...space{1em} $6=1+3-B$,\hspace{1em} $B=-2$}
                                                  
I've deleted a group-closing symbol because it seems to be
spurious, as in `$x}$'. But perhaps the } is legitimate and
you forgot something else, as in `\hbox{$x}'. In such cases
the way to recover is to insert both the forgotten and the
deleted material, e.g., by typing `I$}'.


! LaTeX Error: \begin{document} ended by \end{gather*}.

See the LaTeX manual or LaTeX Companion for explanation.
Type  H <return>  for immediate help.
 ...                                              
                                                  
l.301 \end{gather*}
                   
Your command was ignored.
Type  I <command> <return>  to replace it with another command,
or  <return>  to continue without it.

! Missing $ inserted.
<inserted text> 
                $
l.301 \end{gather*}
                   
I've inserted something that you may have forgotten.
(See the <inserted text> above.)
With luck, this will get me unwedged. But if you
really didn't forget anything, try typing `2' now; then
my insertion and my current dilemma will both disappear.


Overfull \hbox (123.54701pt too wide) in paragraph at lines 299--302
[]A=$[][] \OT1/cmr/m/n/10 =
 []


Overfull \hbox (5.00002pt too wide) in paragraph at lines 299--302
\OT1/cmr/m/n/10 3[] 
 []


Overfull \hbox (2.77779pt too wide) in paragraph at lines 299--302
x=0$\OML/cmm/m/it/10 ;$\nullfont 6=1+3-
 []


Overfull \hbox (2.77779pt too wide) in paragraph at lines 299--302
B$\OML/cmm/m/it/10 ;$\nullfont B=-
 []


Overfull \hbox (20.0pt too wide) in paragraph at lines 303--304
[]基本上此题已经是考研数学中有理分式拆分的极限 
 []


Overfull \hbox (46.6979pt too wide) in paragraph at lines 305--306
[]若遇到这种形式：$\OML/cmm/m/it/10 P$\nullfont 为二次式($\OT1/cmr/
m/n/10  \OML/cmm/m/it/10 <
 []


Overfull \hbox (31.79443pt too wide) in paragraph at lines 305--306
\OT1/cmr/m/n/10 0$\nullfont )，$\OML/cmm/m/it/10 Q$\nullfont 为二次式($\OT
1/cmr/m/n/10  \OML/cmm/m/it/10 <
 []


Overfull \hbox (5.00002pt too wide) in paragraph at lines 305--306
\OT1/cmr/m/n/10 0$\nullfont ) 
 []


! LaTeX Error: Environment gather* undefined.

See the LaTeX manual or LaTeX Companion for explanation.
Type  H <return>  for immediate help.
 ...                                              
                                                  
l.309 \begin{gather*}
                     
Your command was ignored.
Type  I <command> <return>  to replace it with another command,
or  <return>  to continue without it.

! Undefined control sequence.
l.310 	\dfrac
             {f}{P\cdot Q}=\dfrac{f_{1}}{P}+\dfrac{Ax+B}{Q}\\
The control sequence at the end of the top line
of your error message was never \def'ed. If you have
misspelled it (e.g., `\hobx'), type `I' and the correct
spelling (e.g., `I\hbox'). Otherwise just continue,
and I'll forget about whatever was undefined.

! Undefined control sequence.
l.310 	\dfrac{f}{P\cdot Q}=\dfrac
                                 {f_{1}}{P}+\dfrac{Ax+B}{Q}\\
The control sequence at the end of the top line
of your error message was never \def'ed. If you have
misspelled it (e.g., `\hobx'), type `I' and the correct
spelling (e.g., `I\hbox'). Otherwise just continue,
and I'll forget about whatever was undefined.

! Missing $ inserted.
<inserted text> 
                $
l.310 	\dfrac{f}{P\cdot Q}=\dfrac{f_
                                    {1}}{P}+\dfrac{Ax+B}{Q}\\
I've inserted a begin-math/end-math symbol since I think
you left one out. Proceed, with fingers crossed.

! Extra }, or forgotten $.
l.310 	\dfrac{f}{P\cdot Q}=\dfrac{f_{1}}
                                        {P}+\dfrac{Ax+B}{Q}\\
I've deleted a group-closing symbol because it seems to be
spurious, as in `$x}$'. But perhaps the } is legitimate and
you forgot something else, as in `\hbox{$x}'. In such cases
the way to recover is to insert both the forgotten and the
deleted material, e.g., by typing `I$}'.

! Undefined control sequence.
l.310 	\dfrac{f}{P\cdot Q}=\dfrac{f_{1}}{P}+\dfrac
                                                  {Ax+B}{Q}\\
The control sequence at the end of the top line
of your error message was never \def'ed. If you have
misspelled it (e.g., `\hobx'), type `I' and the correct
spelling (e.g., `I\hbox'). Otherwise just continue,
and I'll forget about whatever was undefined.

! Undefined control sequence.
<recently read> \text 
                      
l.311 	\text
            {则\hspace{1em} $f_1$:留数法  \hspace{1em} $A$:极限法  \h...
The control sequence at the end of the top line
of your error message was never \def'ed. If you have
misspelled it (e.g., `\hobx'), type `I' and the correct
spelling (e.g., `I\hbox'). Otherwise just continue,
and I'll forget about whatever was undefined.

! Missing } inserted.
<inserted text> 
                }
l.311 	\text{则\hspace{1em} $
                              f_1$:留数法  \hspace{1em} $A$:极限法  \h...
I've inserted something that you may have forgotten.
(See the <inserted text> above.)
With luck, this will get me unwedged. But if you
really didn't forget anything, try typing `2' now; then
my insertion and my current dilemma will both disappear.

Missing character: There is no 则 (U+5219) in font cmr10!
! Missing $ inserted.
<inserted text> 
                $
l.311 	\text{则\hspace{1em} $f_
                                1$:留数法  \hspace{1em} $A$:极限法  \h...
I've inserted a begin-math/end-math symbol since I think
you left one out. Proceed, with fingers crossed.


! LaTeX Error: \begin{document} ended by \end{gather*}.

See the LaTeX manual or LaTeX Companion for explanation.
Type  H <return>  for immediate help.
 ...                                              
                                                  
l.312 \end{gather*}
                   
Your command was ignored.
Type  I <command> <return>  to replace it with another command,
or  <return>  to continue without it.


Overfull \hbox (42.85075pt too wide) in paragraph at lines 310--313
[]fP\OMS/cmsy/m/n/10 \nullfont Q=f$[][]\OML/cmm/m/it/10 P \OT1/cmr/m/n/10 +
 []


Overfull \hbox (41.42978pt too wide) in paragraph at lines 310--313
[]\OML/cmm/m/it/10 Q[] 
 []


Overfull \hbox (4.48613pt too wide) in paragraph at lines 310--313
[]$f$[][]$:留数法
 []


Overfull \hbox (7.50002pt too wide) in paragraph at lines 310--313
\OML/cmm/m/it/10 A$\nullfont :极限法
 []


Overfull \hbox (8.0868pt too wide) in paragraph at lines 310--313
\OML/cmm/m/it/10 B$\nullfont :赋值法
 []

! Undefined control sequence.
<write> ...ushufa-yicifang-erci' on page \thepage 
                                                  \space undefined\on@line .
l.316 ...方式类似\ref{liushufa-yicifang-erci}
                                                  节中的方式
The control sequence at the end of the top line
of your error message was never \def'ed. If you have
misspelled it (e.g., `\hobx'), type `I' and the correct
spelling (e.g., `I\hbox'). Otherwise just continue,
and I'll forget about whatever was undefined.


LaTeX Warning: Reference `liushufa-yicifang-erci' on page  undefined on input l
ine 316.

)
! Emergency stop.
<*> chap3.tex
             
*** (job aborted, no legal \end found)



Here is how much of LuaTeX's memory you used:
 54 strings out of 475506
 100000,552014 words of node,token memory allocated 2701 words of node memory still in use:
   39 hlist, 1 vlist, 1 rule, 2 disc, 5 local_par, 1 dir, 21 math, 69 glue, 7 ke
rn, 19 penalty, 130 glyph, 93 attribute, 40 glue_spec, 93 attribute_list, 1 temp
, 1 write nodes
   avail lists: 1:1,2:949,3:321,4:17,5:239,6:79,7:4461,8:110,9:1498,10:2,11:4
 23179 multiletter control sequences out of 65536+600000
 27 fonts using 1539423 bytes
 23i,7n,24p,330b,147s stack positions out of 10000i,1000n,20000p,200000b,200000s
!  ==> Fatal error occurred, no output PDF file produced!
